Study_Hours,Attendance_Pct,Sleep_Hours,Previous_Score,Extracurricular,Final_Score
3.7,63.1,7.4,75.4,1,70.9
9.5,62.3,8.8,42.1,1,87.8
7.3,95.3,8.6,91.1,1,98.2
6.0,62.5,4.9,72.9,0,77.6
1.6,63.6,4.9,41.0,0,42.0
1.6,88.0,5.6,97.4,0,76.3
0.6,72.5,6.2,66.3,1,61.4
8.7,88.8,6.5,35.1,1,78.5
6.0,53.3,8.1,73.9,0,83.6
7.1,74.4,4.3,47.7,0,71.5
0.2,51.7,4.2,86.3,1,48.7
9.7,53.1,6.4,87.2,1,83.8
8.3,95.3,8.2,98.5,1,100.0
2.1,57.0,5.2,65.1,1,56.4
1.8,76.6,7.8,61.8,0,63.3
1.8,70.6,5.6,82.7,1,64.4
3.0,67.4,9.3,39.3,1,66.1
5.2,95.0,9.4,68.3,0,83.7
4.3,51.1,5.8,68.2,0,53.5
2.9,83.2,5.4,36.3,1,61.3
6.1,98.2,6.5,59.3,0,73.3
1.4,78.0,5.4,89.7,1,69.7
2.9,96.8,8.0,89.9,1,80.2
3.7,52.6,9.0,36.9,0,57.1
4.6,70.9,8.0,36.4,0,69.7
7.9,63.0,8.9,48.4,1,76.8
2.0,86.5,6.4,91.2,0,76.4
5.1,99.1,4.9,39.0,1,73.6
5.9,62.8,8.4,80.4,1,88.0
0.5,82.7,6.2,37.1,1,53.1
6.1,59.9,8.0,73.6,0,71.8
1.7,78.3,5.6,54.9,1,63.8
0.7,73.2,4.5,85.2,1,59.7
9.5,98.6,10.0,46.4,1,96.4
9.7,80.4,4.9,74.7,0,88.6
8.1,67.5,9.9,46.5,1,83.8
3.0,55.7,9.9,80.0,1,75.8
1.0,57.6,8.8,91.2,1,57.3
6.8,61.3,8.0,38.9,0,69.6
4.4,62.5,7.5,90.7,1,79.2
1.2,92.5,9.2,71.6,1,74.6
5.0,78.1,5.7,38.9,0,70.7
0.3,76.2,6.8,59.9,0,55.3
9.1,55.7,7.7,41.3,1,78.0
2.6,93.0,6.5,79.0,1,78.9
6.6,86.1,6.6,83.1,1,89.9
3.1,53.4,6.0,37.4,0,48.9
5.2,85.4,7.4,65.4,0,80.1
5.5,77.2,9.1,87.0,1,84.4
1.8,54.1,5.2,95.5,0,57.2
9.7,72.9,9.6,65.9,1,93.7
7.8,74.2,8.1,96.5,1,100.0
9.4,58.3,8.9,67.5,0,73.2
8.9,97.3,7.3,57.6,1,97.9
6.0,92.5,8.7,89.4,0,91.3
9.2,83.5,4.1,64.5,0,79.5
0.9,73.1,8.9,63.0,1,64.6
2.0,70.6,4.2,64.3,0,58.4
0.5,82.5,9.3,89.3,1,74.7
3.3,77.3,10.0,88.2,0,67.3
3.9,53.1,5.8,58.2,1,66.4
2.7,75.6,5.3,53.3,1,59.7
8.3,90.3,8.6,64.4,1,97.9
3.6,73.0,5.5,70.1,0,69.3
2.8,52.6,9.2,46.7,1,55.7
5.4,89.3,4.6,85.6,0,83.7
1.4,60.1,4.8,64.1,0,50.1
8.0,62.9,9.9,53.4,0,72.5
0.7,58.2,8.0,37.5,0,51.6
9.9,66.5,9.1,46.7,0,82.5
7.7,87.8,5.9,96.4,1,92.9
2.0,76.0,8.1,51.4,0,59.4
0.1,60.2,7.6,41.8,1,49.7
8.2,93.9,7.6,62.2,1,93.7
7.1,94.0,8.1,51.5,0,87.3
7.3,93.5,7.5,32.5,1,77.7
7.7,61.9,6.6,52.6,1,74.2
0.7,72.6,5.7,68.1,0,55.5
3.6,99.2,8.6,68.6,1,90.4
1.2,88.6,5.4,55.0,0,58.9
8.6,51.4,8.2,61.3,0,82.6
6.2,53.3,5.4,97.6,0,75.6
3.3,73.2,7.8,56.4,1,66.5
0.6,95.5,8.5,48.1,1,64.9
3.1,76.9,5.3,47.0,1,62.4
3.3,74.9,4.4,62.0,1,67.6
7.3,55.3,4.8,83.2,0,80.9
6.4,82.8,7.6,44.4,0,77.8
8.9,91.1,9.1,79.7,1,100.0
4.7,69.0,4.3,31.5,0,53.6
1.2,88.8,8.4,59.3,1,66.5
7.1,98.2,6.0,84.3,0,89.1
7.6,60.2,6.9,53.7,0,75.2
5.6,76.2,9.6,69.5,0,79.1
7.7,64.4,6.0,44.3,0,75.0
4.9,89.6,6.8,81.9,0,78.1
5.2,78.9,4.1,33.7,1,66.1
4.3,81.7,4.5,89.7,1,81.0
0.3,89.9,5.6,43.9,0,45.9
1.1,69.8,4.2,91.2,1,71.2
0.3,95.8,7.8,54.7,0,61.3
6.4,76.7,6.6,80.6,0,73.5
3.1,57.9,7.3,52.3,0,58.4
5.1,84.8,5.0,93.4,0,81.0
9.1,89.7,5.8,38.9,1,86.7
2.5,65.8,8.0,42.5,0,60.8
4.1,92.9,9.8,64.5,1,86.2
7.6,95.3,4.3,35.7,0,78.9
2.3,63.8,9.3,43.7,0,59.6
0.8,99.2,7.5,96.1,1,77.7
2.9,57.0,7.4,98.4,0,75.4
1.6,60.1,7.0,56.3,0,47.8
9.3,59.2,4.4,94.6,1,89.6
8.1,94.7,4.5,68.1,1,91.0
6.3,82.7,7.6,48.9,1,83.5
8.7,57.6,6.0,79.2,0,78.6
8.0,72.0,9.5,76.1,0,82.1
1.9,80.8,6.4,99.2,1,75.4
8.9,54.2,4.9,48.6,1,76.3
5.4,94.1,8.3,77.0,0,92.0
8.1,90.2,5.8,33.6,0,74.3
9.0,75.3,7.2,38.0,1,88.0
3.2,98.4,8.2,30.3,1,80.4
1.1,70.9,9.4,100.0,1,71.7
2.3,99.2,8.8,86.2,1,77.7
4.3,83.4,8.1,85.1,0,78.4
8.2,81.7,8.1,65.7,0,88.3
8.6,58.3,9.7,51.0,0,82.5
0.1,94.1,5.8,40.6,0,52.1
5.1,71.4,4.0,49.9,1,73.1
4.2,58.1,5.6,56.3,0,55.5
2.2,50.6,5.3,82.9,1,52.7
1.2,78.0,8.0,67.8,0,67.3
3.4,76.4,7.8,35.4,0,52.5
9.4,86.0,7.6,31.3,0,83.9
3.2,94.5,4.1,37.2,1,77.8
5.2,54.0,8.4,58.7,0,66.7
7.0,86.6,5.9,95.3,1,88.7
3.6,59.4,8.0,74.6,1,69.4
9.7,92.9,7.3,86.1,0,100.0
9.6,91.0,6.1,62.6,1,96.4
2.5,77.0,4.8,55.3,0,62.0
5.0,85.5,4.6,37.6,1,64.9
3.0,65.7,9.0,91.3,0,79.1
2.8,73.6,9.5,84.8,1,77.7
0.4,91.1,7.9,41.8,1,63.9
6.1,73.0,4.6,65.9,0,70.3
5.0,67.9,6.4,64.1,0,74.6
0.5,74.7,8.4,73.8,0,60.4
2.8,91.4,8.7,96.2,0,82.4
9.1,66.8,4.7,70.6,1,81.6
2.4,58.7,4.0,67.8,1,53.4
1.4,85.6,8.3,33.5,1,64.1
4.9,91.3,6.1,34.4,1,70.6
9.9,55.0,5.5,43.1,0,71.9
2.4,62.0,4.1,32.3,1,47.3
6.7,57.1,7.2,82.0,0,80.2
7.6,67.4,9.1,80.6,1,87.0
2.4,72.5,9.7,39.5,0,60.2
7.3,87.4,7.4,88.5,0,91.9
3.7,82.6,7.1,40.8,0,57.4
6.3,81.0,4.5,51.1,0,66.6
6.3,67.6,7.3,47.4,0,72.5
5.4,92.1,6.3,56.1,1,77.0
0.9,73.6,7.6,47.8,0,59.1
8.4,99.0,6.3,64.2,1,98.8
3.2,81.7,5.4,58.5,1,71.0
1.9,56.3,4.6,99.1,0,67.6
0.4,83.8,5.9,33.9,1,53.2
5.9,66.3,4.6,40.0,1,68.8
6.8,84.3,5.1,33.7,1,72.4
0.2,53.5,9.9,73.8,0,64.9
5.1,58.7,6.7,33.8,0,67.4
2.3,92.8,7.2,88.6,0,75.9
6.5,61.4,9.2,65.8,0,78.4
1.7,91.9,10.0,66.9,1,80.9
6.9,64.0,7.5,69.3,1,80.1
3.9,82.1,8.9,42.0,1,69.0
9.4,84.7,6.0,43.8,1,91.3
1.4,75.6,5.8,52.3,1,58.9
3.4,65.3,6.4,71.5,1,68.5
1.1,60.6,8.0,44.7,0,47.6
9.2,51.7,8.1,38.1,1,70.7
8.8,65.2,5.9,97.9,1,93.3
2.6,82.7,4.8,31.5,1,62.2
6.6,96.9,7.8,86.2,0,91.9
8.2,93.6,4.8,85.2,1,100.0
5.6,88.3,7.5,50.8,1,76.9
5.3,89.4,8.2,39.5,0,70.2
2.4,83.2,8.2,40.2,1,65.2
0.9,63.0,8.5,78.8,0,60.0
9.0,95.4,9.2,75.0,0,100.0
9.0,83.5,7.0,84.8,1,94.9
6.3,78.0,8.4,95.6,1,96.9
3.4,55.5,7.7,78.4,0,72.9
3.5,72.4,5.1,40.9,1,60.8
7.3,73.0,4.2,47.0,1,79.5
9.0,93.2,5.7,89.0,0,93.1
8.9,77.3,6.7,44.7,0,86.1
7.8,69.0,7.7,35.1,1,81.5
6.4,98.8,9.1,79.2,0,96.5
0.8,55.5,5.2,58.2,1,50.1
1.6,71.1,4.8,94.4,1,55.0
9.0,52.1,9.8,75.5,1,86.2
6.1,87.0,4.6,36.3,1,70.7
0.1,95.9,6.9,96.3,0,66.9
1.0,64.0,7.5,48.1,1,55.2
6.6,92.9,7.2,53.6,0,80.8
0.1,64.6,4.5,58.2,1,46.3
1.6,95.5,4.3,33.6,1,55.2
5.5,87.7,4.6,64.8,0,72.7
6.9,90.2,7.5,38.6,1,86.7
6.5,50.9,7.3,58.1,0,65.9
2.2,98.1,5.4,54.5,0,64.4
7.1,86.3,7.8,84.1,1,91.6
2.4,65.2,8.9,86.2,1,72.9
3.3,91.5,4.2,40.7,1,67.3
7.5,64.1,7.0,55.7,1,66.3
6.5,93.6,8.1,56.1,0,88.3
8.5,55.6,5.5,40.6,1,78.9
6.6,85.2,5.8,85.9,1,84.4
5.7,77.0,7.7,79.5,1,79.9
0.9,54.8,9.4,43.3,1,51.1
3.7,62.1,8.9,55.7,1,64.3
2.7,50.6,7.5,37.4,0,51.0
2.4,73.4,8.4,74.0,1,63.0
9.7,65.1,6.2,38.5,0,73.8
3.9,79.9,7.8,99.0,1,89.9
8.9,64.9,6.8,84.6,1,87.1
6.3,65.0,5.1,57.3,1,77.4
7.9,87.2,8.2,70.5,0,92.2
5.0,52.4,7.3,93.8,1,68.7
5.8,95.1,6.2,68.8,0,85.0
4.9,92.6,9.5,42.2,0,76.4
2.0,83.4,4.1,56.5,1,60.0
7.2,79.7,5.9,89.0,0,87.7
2.8,94.6,4.3,75.1,1,75.6
0.2,59.3,8.6,75.6,1,61.7
6.5,53.9,8.2,90.7,0,83.7
1.8,62.0,6.0,92.6,1,67.1
9.4,89.7,8.1,94.4,1,100.0
9.5,51.7,6.4,36.6,0,70.8
9.1,79.1,8.5,68.1,0,100.0
3.7,99.8,6.7,81.8,0,83.8
0.2,92.8,6.5,83.0,0,75.4
9.3,76.1,9.6,72.5,0,99.7
4.3,53.2,5.5,41.7,0,55.7
9.7,91.6,4.7,85.8,1,100.0
9.6,79.9,7.5,80.4,0,95.4
8.5,55.7,9.8,36.0,0,68.6
2.9,54.7,6.3,62.5,1,60.0
3.9,95.5,4.4,42.2,1,74.3
8.5,83.5,6.0,53.6,0,81.6
3.2,91.5,7.0,31.3,0,65.6
1.7,93.9,5.0,58.0,1,69.7
5.6,78.6,7.9,68.5,0,74.9
9.4,75.9,10.0,73.4,0,93.3
7.0,71.5,6.7,76.4,1,80.0
5.7,65.8,6.1,88.5,0,73.5
1.0,71.7,6.4,45.1,1,49.7
6.2,88.7,4.7,38.4,0,68.1
9.9,80.1,9.3,89.6,1,100.0
1.4,94.6,6.5,41.0,1,59.8
5.2,72.2,6.3,98.2,1,83.5
8.8,80.4,8.0,89.0,0,93.5
7.4,81.6,6.7,65.1,1,90.9
7.0,79.6,7.9,98.7,0,96.5
7.0,85.1,4.4,36.8,1,79.1
3.6,61.9,8.9,51.2,1,67.1
2.9,75.6,9.6,74.7,1,74.5
8.1,55.2,7.9,54.5,0,70.8
8.1,69.2,9.7,95.0,0,100.0
8.7,74.4,4.9,34.6,1,74.9
9.1,82.6,6.9,68.5,0,93.4
5.1,97.5,7.6,71.4,0,88.0
5.0,80.0,7.5,75.7,0,76.0
8.0,87.2,6.4,47.9,1,89.7
6.5,75.3,6.0,55.5,0,77.6
7.0,81.7,4.8,89.1,1,95.0
8.0,53.5,6.4,43.6,1,70.7
8.9,62.7,5.0,87.9,1,82.9
3.4,68.1,8.4,69.4,0,66.1
3.8,73.6,5.3,83.4,1,74.0
0.9,52.3,4.4,80.0,0,50.8
5.8,57.0,7.3,44.5,0,63.2
0.4,63.8,7.6,69.8,1,50.3
4.7,98.6,9.2,90.7,1,94.7
5.4,66.6,7.5,60.2,1,81.9
2.9,74.1,6.1,97.7,0,73.8
5.9,59.8,8.8,61.7,0,75.2
0.3,80.5,7.2,40.0,1,57.9
0.4,64.0,4.5,57.3,1,51.8
8.2,60.3,7.4,96.6,0,91.4
3.6,75.8,9.4,52.4,0,70.5
1.3,50.3,6.4,90.8,1,58.6
5.2,50.4,5.8,91.7,0,66.8
7.7,61.0,4.9,54.5,0,70.7
2.2,51.8,4.9,35.8,0,45.8
6.2,55.4,6.6,80.7,0,72.5
0.9,66.9,7.6,51.8,0,54.5
0.5,90.1,4.5,84.8,0,65.5
5.3,78.6,9.6,61.0,1,84.6
5.4,75.6,8.5,64.0,0,81.8
6.4,64.7,7.5,84.5,1,83.2
7.3,96.6,9.0,56.8,1,87.1
9.8,69.9,4.5,61.0,0,81.7
5.2,54.4,6.9,56.3,1,67.1
3.2,80.9,7.8,55.7,1,63.4
8.0,55.7,9.0,66.8,1,88.5
2.7,67.3,8.7,86.6,0,70.8
4.4,75.4,5.7,55.3,1,71.1
0.8,93.7,9.6,66.7,0,74.6
0.3,74.7,4.7,77.0,1,56.4
9.6,85.1,9.3,48.9,1,97.4
8.4,99.6,9.8,49.4,1,96.3
7.0,56.6,5.1,95.3,1,80.4
4.1,63.7,8.3,80.6,0,68.7
1.7,69.7,4.2,70.4,1,66.6
1.6,71.1,6.4,75.3,1,62.8
2.5,70.6,7.1,32.1,0,57.4
5.5,95.4,7.5,73.3,0,77.1
7.1,85.7,9.6,65.7,0,93.1
6.6,80.4,8.0,68.2,1,90.1
2.8,65.5,6.9,55.2,0,59.7
9.5,91.2,8.9,35.7,0,89.1
7.4,97.8,9.7,43.5,0,89.6
5.5,91.1,4.1,96.6,0,93.3
6.1,50.1,9.9,58.6,0,63.9
4.2,81.8,4.5,62.7,0,71.4
2.5,52.6,8.9,33.7,1,50.7
3.6,62.9,5.7,32.6,0,53.6
7.6,53.0,4.8,80.2,1,76.8
0.1,80.2,6.6,67.7,0,56.2
1.2,84.3,7.9,65.6,0,64.2
0.5,55.7,6.3,47.0,0,40.3
0.4,69.2,4.3,82.1,1,62.3
8.6,72.8,7.6,41.8,0,72.6
7.0,68.5,9.4,43.3,0,78.2
4.7,56.1,6.3,62.2,0,62.4
1.0,70.9,5.3,50.0,0,46.5
4.9,87.6,6.7,47.3,1,76.0
4.7,53.6,4.3,75.2,1,59.8
1.7,54.0,8.9,75.6,1,62.9
4.3,67.7,9.0,87.7,1,74.1
4.0,97.1,7.5,59.2,1,81.4
6.2,83.4,6.1,35.1,0,67.5
6.4,83.9,8.8,49.2,0,77.8
0.5,68.1,7.3,98.6,0,64.7
3.7,79.7,9.0,71.7,1,74.8
6.3,50.5,7.8,79.7,0,73.5
5.0,81.8,8.7,30.5,1,66.4
8.6,95.7,7.6,66.3,0,96.4
6.6,80.6,6.5,32.6,1,81.7
1.6,93.7,9.7,69.8,0,84.2
0.7,86.2,7.2,94.5,0,70.0
6.4,56.0,7.6,97.8,0,83.6
0.3,95.1,5.3,67.8,0,54.5
5.9,53.3,7.8,62.1,1,77.8
9.4,76.7,7.4,96.2,0,100.0
5.8,57.1,5.1,77.2,0,67.6
3.9,50.6,4.4,34.5,0,53.9
6.4,71.1,7.6,62.6,1,79.0
4.6,64.8,8.6,46.8,0,63.9
5.5,74.3,7.1,62.9,0,75.9
9.4,78.9,5.4,61.9,0,82.3
3.9,52.2,8.0,70.8,0,68.1
9.6,56.2,4.5,55.0,0,72.0
9.1,77.9,6.7,41.5,1,80.6
2.0,67.2,5.0,65.3,1,56.0
0.7,86.5,5.1,88.1,1,70.9
1.0,82.6,5.2,76.5,0,59.4
0.2,92.3,6.3,53.7,1,55.9
0.9,84.6,4.3,95.5,0,63.3
6.8,71.5,6.4,93.9,0,84.3
0.7,83.6,7.1,44.7,0,51.3
3.2,63.8,6.9,32.8,0,49.9
8.4,65.3,6.3,81.9,1,96.3
0.2,89.4,9.0,87.9,1,69.7
8.1,72.3,4.9,97.8,1,89.8
2.8,89.9,7.0,92.3,0,76.0
1.2,91.1,4.4,72.0,1,64.4
7.0,92.9,4.4,67.1,1,88.3
6.3,95.8,7.4,31.9,0,81.0
8.8,71.5,7.4,47.3,1,82.9
7.4,65.9,9.3,62.2,0,75.8
8.0,79.1,7.3,74.0,1,95.9
2.8,68.6,9.8,69.0,1,70.9
1.8,80.1,4.3,82.0,1,73.6
7.5,85.3,4.6,49.6,0,68.9
8.1,84.4,4.3,69.5,1,87.9
9.9,68.7,5.1,36.2,1,88.6
4.1,58.3,7.2,59.0,1,64.6
3.7,71.5,7.9,82.5,1,75.1
7.8,57.1,4.3,78.5,0,76.9
3.4,94.5,9.7,99.3,0,84.6
9.3,67.3,9.1,49.5,1,86.3
8.6,57.7,5.8,64.9,1,79.3
4.3,51.3,4.5,53.1,1,55.9
7.5,82.3,5.0,60.8,0,85.2
7.5,81.8,4.8,90.0,1,92.0
1.0,67.0,4.7,77.9,1,60.2
9.0,53.6,7.1,91.8,0,89.7
5.1,70.5,5.5,44.2,0,63.1
8.3,65.6,6.1,91.1,0,83.3
3.2,83.9,9.9,34.2,1,67.1
9.0,80.3,8.1,92.2,0,97.2
3.9,68.2,9.7,53.0,0,63.6
0.1,60.9,4.9,52.0,1,45.5
9.1,99.4,6.3,65.8,0,92.8
0.9,72.7,7.3,95.8,1,77.6
3.2,84.4,4.5,33.3,1,50.2
9.5,57.0,4.0,54.7,0,74.7
9.5,74.3,8.0,90.0,1,100.0
5.7,51.4,7.9,57.7,0,67.2
6.3,75.3,6.5,43.9,0,74.7
4.5,98.2,6.9,59.7,0,78.3
2.9,69.2,6.5,57.0,1,61.3
3.3,51.9,4.1,94.1,0,53.0
6.7,51.5,6.0,83.3,1,77.8
7.5,69.4,5.1,65.4,1,77.0
7.9,58.0,4.6,99.2,1,82.0
7.9,51.2,9.7,62.6,0,76.3
0.9,87.8,7.6,34.1,1,66.3
4.9,72.9,8.4,48.4,1,82.6
0.6,64.5,5.9,60.5,0,51.9
5.5,95.0,6.4,41.0,0,72.9
4.4,55.8,5.4,96.3,1,68.0
8.9,97.8,4.6,83.7,1,100.0
3.5,65.7,5.1,48.8,0,64.7
1.2,94.4,8.8,71.4,1,72.7
1.4,80.1,8.1,80.5,1,61.3
7.6,91.3,7.3,95.9,1,100.0
6.2,99.2,6.9,91.7,1,99.0
1.0,64.4,9.5,66.1,0,53.1
0.8,98.1,4.4,84.2,1,71.2
7.0,69.5,5.7,69.4,0,79.0
0.7,69.3,6.1,68.7,1,58.3
8.2,67.0,8.7,38.0,0,74.1
7.1,77.1,10.0,38.8,1,85.9
0.8,57.7,5.4,67.1,0,48.9
0.8,77.7,9.2,48.8,1,55.8
9.9,77.1,9.0,31.5,0,77.2
3.7,88.1,5.3,80.6,1,82.6
3.7,91.7,6.4,32.3,1,70.7
8.1,72.0,6.5,71.7,0,84.1
9.5,65.1,9.9,67.7,0,88.4
9.9,63.0,5.1,97.8,0,89.0
7.5,59.7,8.8,63.9,0,74.6
3.8,52.9,6.0,34.5,0,50.1
0.8,67.1,8.4,68.6,1,53.2
7.8,63.5,6.5,88.9,0,81.0
5.6,98.3,7.5,99.8,0,91.4
4.2,77.9,9.0,60.1,1,78.6
9.1,67.4,8.8,52.4,0,84.0
1.1,79.0,9.2,93.5,0,74.4
4.9,57.0,4.4,43.4,0,62.5
0.1,72.2,8.2,73.1,1,65.9
4.7,81.3,4.8,58.4,0,71.1
0.6,74.4,6.5,32.9,1,51.5
1.2,70.1,7.3,54.3,1,54.8
1.2,99.7,6.4,48.6,0,66.2
6.5,94.0,7.1,78.0,1,98.0
7.5,81.2,10.0,96.4,0,97.5
5.8,78.5,4.8,48.8,0,77.5
9.6,81.0,8.1,86.8,0,92.2
3.7,60.1,6.4,33.9,0,50.1
2.9,69.8,4.8,67.7,0,64.4
8.7,52.0,5.0,34.9,1,71.3
2.2,73.8,9.7,95.4,1,82.8
9.6,77.2,9.3,83.6,1,100.0
0.1,61.4,9.4,76.1,1,57.1
9.7,98.2,9.9,87.7,0,100.0
0.4,95.5,5.2,75.3,0,58.0
8.9,86.1,6.1,97.8,1,96.0
5.3,76.7,8.0,80.0,0,83.7
9.9,93.5,6.9,94.7,1,100.0
0.7,56.5,6.5,66.2,1,55.6
5.5,89.5,6.1,38.2,1,68.1
9.7,56.2,7.6,67.0,1,85.8
5.2,89.7,7.5,38.9,0,68.2
6.3,63.8,5.0,71.5,0,76.9
7.0,93.9,6.8,63.8,1,86.6
4.5,97.2,7.3,73.6,1,80.5
6.3,57.4,7.4,30.7,1,66.5
5.8,73.1,5.3,43.6,1,67.8
9.0,99.0,8.5,64.4,1,100.0
0.5,74.2,4.2,96.5,0,57.5
2.8,93.2,6.1,56.9,1,65.8
9.5,79.4,8.7,59.7,1,85.9
8.9,68.8,7.4,80.0,0,88.7
4.6,64.3,5.6,72.3,0,65.1
6.2,60.2,8.2,50.9,0,64.5
2.8,88.1,7.4,58.8,0,73.6
1.9,69.3,8.8,45.2,0,60.5
4.6,75.6,8.4,97.6,0,82.1
3.5,74.6,7.7,39.1,0,67.7
5.8,78.9,6.9,56.0,0,77.6
0.8,93.3,4.8,31.8,0,49.7
9.7,99.0,5.6,45.5,1,89.8
9.9,70.4,6.5,84.6,0,95.9
7.0,91.4,7.6,44.1,1,85.9
5.4,88.2,7.1,35.6,1,75.3
3.1,78.7,5.7,63.2,1,64.9
8.1,97.8,4.0,30.7,1,84.4
6.8,60.0,7.0,35.9,1,66.9
1.6,55.5,5.7,86.5,1,60.4
9.1,92.7,8.4,84.0,1,100.0
8.2,72.0,4.1,94.1,1,86.6
9.5,92.3,7.5,89.8,0,95.5
7.3,94.7,9.6,77.8,1,93.7
6.1,53.1,5.0,33.7,1,65.5
4.2,94.2,6.8,84.8,1,85.6
9.3,72.4,4.5,89.2,1,92.1
8.7,75.5,7.8,85.9,0,90.3
0.5,81.3,7.3,65.6,1,64.8
0.3,96.3,6.4,46.3,0,55.0
3.8,51.0,7.1,89.2,0,67.7
8.1,73.8,9.4,80.9,1,91.1
9.9,84.4,5.2,98.7,1,98.4
1.5,86.1,4.1,40.9,0,51.8
5.9,84.6,9.2,45.8,1,79.6
3.8,56.7,7.5,44.8,1,60.9
9.7,65.0,9.3,85.5,0,95.5
8.4,67.9,7.6,43.1,0,63.1
8.4,90.2,8.9,34.7,1,85.1
4.7,63.9,6.6,99.9,1,77.6
4.1,60.5,8.5,31.7,1,67.9
2.7,97.9,9.5,88.5,0,78.3
0.6,50.4,7.4,55.6,1,50.8
8.6,99.9,5.1,88.9,0,100.0
8.1,83.8,5.6,68.8,0,80.7
10.0,91.4,5.2,93.1,1,100.0
10.0,64.7,5.5,94.8,0,88.8
5.6,50.7,5.8,30.6,1,57.1
7.7,86.9,7.3,35.3,1,79.4
9.4,91.7,7.5,47.5,0,87.9
8.5,87.0,6.6,76.9,1,100.0
2.5,57.1,7.7,92.2,0,69.1
4.5,87.7,4.5,62.2,0,75.6
1.3,88.4,4.5,72.5,1,67.9
9.5,82.9,5.0,43.2,1,79.8
6.1,88.3,7.1,86.3,1,91.5
2.3,92.3,5.3,97.7,1,82.5
6.7,80.7,5.7,48.8,0,71.6
6.2,54.4,6.4,64.6,0,72.8
3.6,74.4,8.9,36.0,0,66.2
1.1,53.9,4.1,69.1,1,59.2
6.7,70.4,7.9,65.2,0,77.1
5.2,70.4,8.0,40.1,0,63.0
7.7,53.3,8.8,60.9,1,78.2
5.2,67.4,9.6,53.4,1,80.8
8.5,55.5,4.1,66.5,1,70.3
5.5,90.4,4.9,71.0,0,70.3
5.6,97.4,9.3,30.6,1,81.2
8.8,53.6,6.8,83.3,0,81.1
4.0,97.8,7.4,79.9,0,81.9
1.3,76.1,8.0,55.6,0,63.5
0.3,65.0,8.1,33.7,0,44.6
7.6,53.8,9.6,82.8,0,75.4
6.2,75.0,10.0,96.9,1,100.0
7.0,89.7,8.3,46.8,0,78.7
2.1,85.4,5.7,52.6,1,60.3
1.4,52.5,9.3,42.9,0,54.7
0.1,53.6,4.3,70.4,0,44.3
3.5,70.1,5.4,40.8,1,60.4
5.9,64.8,9.4,54.9,0,75.6
3.9,61.6,5.5,78.8,0,70.1
4.4,64.1,5.3,69.2,1,67.2
9.0,90.2,4.8,57.1,1,96.3
3.5,96.5,9.2,59.4,0,68.5
5.1,70.3,7.0,69.3,0,76.0
7.8,95.3,8.0,30.4,0,79.6
4.0,66.1,5.4,35.5,1,65.0
6.2,73.8,8.5,91.7,0,86.4
8.6,61.3,8.6,35.5,1,76.1
9.5,82.0,5.9,79.5,1,98.8
1.5,98.9,6.5,94.4,0,79.1
9.3,80.2,5.3,48.9,1,88.7
4.9,67.9,9.9,55.9,0,68.1
2.6,82.4,7.9,69.8,0,67.7
4.6,56.1,9.6,91.7,1,78.5
9.8,94.4,5.8,95.9,1,100.0
4.9,75.2,8.7,81.8,1,85.5
3.3,72.5,8.6,36.1,1,56.2
6.3,79.3,8.1,76.8,1,88.2
2.4,81.2,9.8,58.7,1,70.5
0.8,53.6,6.4,62.9,0,45.8
1.3,84.1,4.8,33.4,0,49.0
1.3,62.1,8.0,43.4,0,50.7
1.5,85.7,8.4,85.3,1,60.3
1.4,91.1,7.5,61.8,1,66.1
6.4,90.2,5.2,51.1,1,76.6
1.8,77.6,7.0,56.9,0,62.9
3.5,76.0,5.9,89.8,0,69.2
9.0,57.1,6.6,82.4,1,86.5
4.7,88.8,7.9,49.1,1,83.4
6.7,63.6,8.5,38.2,1,77.4
1.7,74.8,5.4,47.6,1,61.3
1.9,64.2,6.4,94.5,0,63.0
0.4,56.7,5.6,70.7,0,52.0
1.7,81.5,5.2,67.3,0,60.6
2.8,52.7,8.7,71.7,1,63.9
1.8,87.4,9.5,55.6,0,69.0
0.9,65.9,6.2,86.5,1,60.2
1.2,50.0,8.5,66.6,1,62.6
4.6,75.6,9.4,38.2,1,71.0
2.1,52.3,9.1,39.0,0,53.9
3.6,63.8,5.1,67.6,0,67.9
5.0,85.3,9.7,95.6,1,95.6
6.9,53.1,6.3,51.6,0,61.9
0.4,92.0,6.0,90.9,1,72.6
8.0,50.2,4.4,83.5,1,81.9
6.3,62.3,6.9,47.3,1,75.1
0.8,87.0,4.7,32.5,0,46.5
8.7,65.8,5.5,37.1,0,71.0
9.2,55.1,5.9,81.0,1,90.1
0.6,68.0,8.9,44.0,0,49.7
2.8,63.5,9.3,56.0,0,61.1
8.1,92.1,5.8,65.1,0,94.3
7.5,65.7,9.2,80.8,0,85.4
1.8,89.4,9.1,37.9,1,63.6
2.1,94.6,8.6,58.4,0,66.9
3.7,71.7,4.9,64.0,1,68.2
4.8,95.5,8.1,67.9,1,79.7
6.2,68.9,9.7,87.3,0,83.6
3.7,98.2,8.1,42.0,1,76.8
4.6,54.5,6.0,86.5,1,76.6
7.5,84.4,7.0,78.5,0,91.0
0.4,74.7,7.9,68.9,1,59.1
2.5,69.4,7.1,79.0,1,73.7
7.1,81.6,4.7,58.8,0,76.6
9.0,85.2,5.9,39.7,0,77.4
5.1,50.2,8.8,76.6,0,69.7
5.3,58.3,9.2,66.7,0,77.7
1.1,85.7,4.8,74.8,0,62.8
4.5,83.3,9.7,53.7,1,78.4
5.3,98.3,6.0,93.5,1,97.4
2.4,88.1,8.0,71.1,0,65.8
2.7,97.5,8.5,36.0,0,62.7
3.8,85.1,8.9,61.5,1,70.7
0.2,64.9,9.7,82.9,0,62.7
3.2,55.3,5.9,85.6,0,64.0
2.1,89.1,9.2,64.6,1,80.1
3.3,82.2,4.8,92.6,1,77.1
1.2,52.4,8.2,48.7,1,50.9
8.9,68.0,8.5,58.7,0,84.8
5.9,97.8,8.1,92.9,1,96.3
6.8,75.0,5.5,92.7,0,77.3
7.9,71.6,9.2,78.0,1,100.0
5.0,72.9,5.0,90.1,0,77.6
0.9,60.4,4.3,36.2,0,43.1
5.4,68.4,8.3,90.5,0,82.8
5.9,68.5,6.9,52.4,1,76.2
7.5,52.6,9.1,42.5,1,73.7
4.3,88.4,6.3,46.8,1,70.2
1.3,70.8,5.0,59.3,0,56.5
2.8,91.1,9.0,47.6,1,74.3
3.6,92.5,7.3,52.4,1,71.4
6.5,60.6,5.1,39.4,0,69.6
5.7,82.9,8.3,50.7,0,77.8
3.6,73.6,7.1,70.1,1,74.8
9.9,94.0,7.6,60.9,1,100.0
6.1,60.8,6.8,54.3,1,71.8
2.4,83.9,9.0,82.3,0,75.5
1.0,80.4,9.0,92.5,1,77.0
1.5,64.8,8.3,83.0,0,60.7
2.5,56.8,4.6,53.2,0,51.5
1.6,82.6,9.0,82.1,1,74.6
1.9,86.9,8.0,40.6,1,60.8
2.9,65.8,8.2,39.1,0,66.8
1.7,82.2,6.2,54.2,0,54.5
9.0,69.8,9.3,86.5,1,91.7
0.8,85.7,8.4,47.2,1,67.9
5.2,60.0,4.7,34.4,1,63.3
4.1,94.5,6.4,39.2,0,65.3
9.8,64.4,9.3,90.1,0,98.3
1.1,68.4,4.3,74.4,1,64.2
4.0,52.9,9.8,47.7,0,61.4
9.7,55.6,8.1,68.9,0,95.6
8.7,75.8,7.8,66.9,1,83.8
8.2,63.4,5.6,75.9,0,83.5
2.6,91.8,5.5,46.3,1,71.1
1.7,50.7,9.7,90.5,1,69.9
6.7,69.0,5.8,51.7,0,70.8
9.3,66.9,8.7,78.6,0,89.9
5.6,51.0,6.4,31.1,1,61.9
5.7,56.2,4.8,56.1,0,66.7
2.8,70.7,4.1,54.6,1,62.2
7.7,74.6,7.3,68.0,0,87.6
1.9,70.2,9.9,35.1,0,53.1
3.2,76.5,6.2,85.3,0,70.4
4.3,79.8,6.1,45.2,1,65.1
5.1,50.5,6.1,77.4,0,64.8
2.4,73.2,7.1,86.2,1,75.9
1.1,98.2,6.6,69.3,1,71.6
6.1,76.0,9.3,81.9,1,98.3
2.9,83.9,7.0,76.3,0,72.4
5.8,65.6,7.0,54.9,1,73.3
1.5,88.7,4.8,86.6,1,71.3
4.8,88.6,9.9,50.6,0,75.3
5.3,76.1,5.5,70.0,1,76.3
0.5,98.8,4.4,82.2,1,73.6
3.4,56.3,8.0,56.5,0,60.5
1.3,50.8,7.6,51.2,1,49.0
0.6,88.5,6.5,62.2,0,57.3
9.9,90.4,6.5,87.3,1,100.0
3.2,56.0,8.7,95.1,1,73.5
8.1,63.3,5.2,68.2,0,82.6
2.5,50.9,8.9,76.3,1,59.3
6.8,64.7,7.9,93.2,1,85.9
7.6,88.7,6.5,36.9,1,82.7
6.0,75.9,6.7,46.2,0,64.3
4.7,67.4,5.5,79.6,0,67.5
4.1,68.6,8.5,87.7,0,72.9
3.5,50.1,7.1,90.0,0,62.2
9.3,65.0,5.9,59.1,0,82.2
8.3,82.3,7.6,36.3,1,83.2
9.7,98.7,10.0,60.6,0,98.7
1.2,92.4,6.6,46.2,0,62.3
7.3,51.2,9.5,50.4,0,79.8
9.4,94.9,6.1,84.1,1,100.0
1.8,89.2,4.3,35.3,1,50.7
0.7,89.0,5.2,87.9,0,68.1
7.4,72.9,6.5,59.9,1,81.0
5.7,69.9,5.3,71.7,1,76.6
8.4,65.1,4.0,36.3,1,71.2
1.4,53.3,9.5,53.6,1,57.2
8.0,61.4,9.1,36.3,0,75.1
2.0,62.3,8.5,97.3,0,66.1
1.6,74.2,5.0,86.5,1,62.8
1.6,87.4,4.7,62.2,1,62.7
8.1,73.7,4.4,45.7,1,78.8
6.7,52.9,8.3,95.3,1,86.0
5.2,97.9,9.6,54.1,0,86.4
3.6,97.1,6.6,41.3,1,70.3
8.8,89.3,4.7,69.4,0,90.0
3.9,99.6,7.1,96.1,1,92.6
8.2,77.2,6.1,30.3,0,79.5
4.4,98.1,6.2,46.7,1,76.0
3.8,53.8,7.7,95.7,0,69.1
4.6,68.3,8.3,42.0,0,66.3
3.0,61.3,4.7,37.9,0,46.4
7.5,59.8,4.2,69.9,1,75.6
5.0,57.0,10.0,90.3,0,80.6
2.3,81.1,5.4,63.4,1,68.5
9.0,89.1,4.3,99.6,0,95.5
3.8,78.9,5.1,77.5,0,71.5
5.4,57.3,4.2,35.2,1,56.4
9.1,90.6,6.4,99.5,0,100.0
6.2,81.8,8.8,58.6,1,83.5
1.2,69.4,6.0,50.1,1,54.4
9.4,83.7,6.7,69.1,1,93.5
6.3,63.0,8.1,51.3,1,74.2
3.3,67.3,7.1,36.1,0,55.6
1.4,95.9,9.2,30.1,0,64.8
7.9,64.5,9.2,61.5,1,83.5
6.2,73.5,4.1,88.6,0,84.5
5.3,94.5,8.7,70.1,0,90.6
8.9,85.4,6.8,99.9,1,98.2
7.9,53.1,9.9,50.1,0,76.4
1.5,57.4,6.9,49.6,1,51.0
3.1,50.4,9.9,41.2,0,54.9
2.5,81.5,8.5,41.5,0,70.9
7.4,72.4,5.5,50.0,1,76.4
0.3,56.7,7.2,85.5,0,57.2
5.7,97.9,10.0,93.4,0,97.2
7.6,76.5,9.1,98.3,1,93.2
8.8,62.1,4.6,46.3,0,69.9
3.4,75.0,8.2,91.7,1,74.2
8.2,84.0,6.1,53.0,0,79.4
1.1,53.8,4.0,37.9,1,32.3
8.5,63.7,6.4,90.9,1,92.0
1.3,90.3,5.4,74.5,1,76.5
4.0,73.0,8.9,41.5,1,69.3
8.0,77.3,6.0,60.1,1,78.9
1.5,71.6,9.0,50.1,0,56.2
2.3,52.2,4.0,81.6,0,53.4
7.2,58.3,5.8,61.7,1,71.3
7.2,72.3,5.4,99.2,0,89.4
6.4,60.5,5.4,33.8,1,68.9
6.9,52.5,4.4,54.9,0,60.9
5.4,92.2,5.1,63.7,0,80.3
2.5,99.1,7.3,65.2,1,82.4
3.5,89.7,5.7,52.1,1,78.2
1.8,92.7,6.5,81.0,0,82.8
9.1,62.1,6.3,91.2,0,84.6
5.8,98.0,9.3,95.7,1,100.0
4.0,59.8,9.4,86.4,0,71.8
4.6,97.6,7.0,89.5,0,83.3
9.5,99.7,6.0,68.5,1,100.0
1.5,85.6,4.6,87.8,0,64.4
5.9,99.1,9.7,51.2,1,89.7
5.1,78.5,4.4,57.9,1,66.4
6.1,63.0,5.8,52.2,1,69.7
0.2,71.8,5.8,62.7,0,57.8
8.7,79.7,5.9,50.0,0,82.1
9.3,53.7,5.0,97.3,1,89.3
5.7,81.1,8.7,51.9,1,81.6
7.0,99.1,4.7,36.9,0,82.6
9.2,59.5,7.8,66.9,0,77.4
7.1,89.6,4.7,34.0,0,76.6
1.5,95.4,4.4,37.7,1,59.2
5.8,97.2,9.5,45.4,1,85.9
6.1,98.0,5.1,62.5,0,85.6
4.2,76.1,8.9,60.3,0,67.7
7.4,98.9,7.3,86.0,0,91.2
9.3,87.9,4.5,81.8,1,88.4
9.3,58.1,9.7,59.8,1,85.6
4.5,73.8,5.5,53.4,0,71.0
1.1,85.9,9.2,52.2,0,62.8
9.8,62.4,5.0,84.2,1,85.0
8.4,82.0,9.1,33.6,1,83.7
1.2,83.3,4.1,30.9,0,43.9
9.2,58.1,7.1,85.7,0,82.6
8.7,78.3,8.6,63.4,0,90.7
5.2,88.6,9.6,39.2,1,74.2
5.9,74.9,9.5,46.5,0,79.7
4.0,50.6,8.9,95.3,1,74.1
0.5,50.5,9.3,90.2,1,62.0
3.4,67.9,5.2,79.7,0,64.6
8.0,96.3,5.7,63.8,0,91.9
0.0,61.4,5.7,66.4,1,55.5
3.3,81.7,6.3,98.3,0,78.1
4.0,61.1,6.4,97.6,1,77.0
5.4,66.1,7.3,45.1,0,65.8
9.2,92.4,5.0,86.8,0,98.3
3.5,86.4,8.1,43.8,0,66.7
3.5,54.8,5.0,44.9,0,52.6
7.4,71.4,5.9,77.3,1,83.3
4.5,51.5,7.0,58.4,1,62.6
2.2,74.0,8.8,95.2,1,73.5
4.5,83.1,8.4,36.2,0,71.0
1.4,55.9,7.9,65.8,1,63.5
1.8,64.4,4.9,94.3,1,69.9
5.0,69.9,7.3,93.3,1,76.6
4.2,96.0,4.5,41.0,0,72.9
9.1,99.7,6.3,55.7,1,94.4
3.6,52.2,6.5,73.3,0,63.9
5.8,88.1,4.2,41.2,0,66.7
6.3,68.6,5.6,97.8,1,85.1
0.1,69.6,9.7,94.0,0,66.7
6.6,87.7,9.7,41.7,1,78.5
1.8,95.9,6.1,38.5,1,66.5
9.6,97.5,4.3,36.0,1,94.0
1.5,78.9,5.1,93.7,1,68.6
4.1,67.9,6.4,43.6,1,69.6
0.9,89.4,9.7,59.1,0,65.3
10.0,62.6,4.8,61.4,1,88.3
5.0,78.2,8.6,71.9,0,69.4
6.0,67.9,4.7,35.0,1,75.5
0.7,82.8,9.9,45.9,1,69.1
7.5,62.0,6.3,95.2,1,85.6
2.1,59.6,8.7,93.6,0,59.2
9.0,95.9,6.1,84.7,0,98.9
2.1,55.1,7.8,31.4,0,42.7
1.9,75.3,5.2,52.9,0,58.3
0.4,61.0,4.9,74.0,1,55.6
4.7,51.9,9.6,49.3,1,63.2
5.6,51.8,9.5,93.7,0,82.6
0.7,58.8,9.3,74.4,0,61.2
7.8,93.3,7.8,35.0,0,86.6
4.5,64.1,8.8,93.6,1,80.5
5.2,97.5,4.4,97.0,0,80.2
4.4,79.1,6.0,35.4,0,67.4
4.0,71.8,5.9,67.3,1,69.2
5.6,79.0,7.8,51.2,0,68.7
1.6,75.8,6.1,57.5,1,66.5
1.8,87.9,4.9,42.6,1,69.0
8.6,64.1,7.6,70.5,1,86.9
9.5,67.7,8.9,97.1,1,100.0
3.7,94.7,6.3,65.2,1,77.8
2.7,97.3,4.8,35.8,0,60.7
6.4,94.6,5.2,73.4,0,81.8
4.1,71.0,5.4,53.8,1,72.8
0.3,89.0,5.8,89.9,1,65.6
1.6,73.8,7.9,60.4,0,63.6
7.2,74.9,7.6,43.5,0,73.8
6.6,60.2,8.2,43.4,1,70.9
0.3,79.6,6.2,83.8,0,65.6
2.2,59.3,8.9,48.6,0,55.1
2.3,66.6,5.2,83.7,1,64.0
6.7,92.8,6.8,44.4,0,84.3
0.2,60.4,8.8,52.5,0,57.0
1.0,53.6,5.1,62.6,0,50.7
8.0,53.5,4.7,96.0,0,77.6
1.8,97.0,9.3,95.2,1,81.4
6.5,75.3,6.1,44.5,0,72.2
2.4,70.5,8.1,55.1,1,65.7
1.0,90.5,4.2,40.5,0,50.1
2.4,91.8,8.1,65.7,1,77.7
7.2,66.6,5.9,62.2,1,78.8
8.6,84.7,4.3,93.1,0,85.0
8.3,88.6,7.7,95.1,1,97.1
4.0,82.7,5.4,56.8,1,68.7
6.7,57.6,6.3,64.4,1,74.3
2.0,93.8,4.5,92.7,1,83.0
2.9,77.0,4.9,86.5,1,72.6
9.0,64.1,5.8,30.3,0,69.2
0.1,71.3,4.5,52.4,1,51.7
0.9,51.9,9.5,59.5,1,54.3
2.1,56.4,4.0,46.1,0,48.4
0.3,88.3,6.9,44.0,0,58.0
1.8,50.0,4.7,32.6,1,49.5
5.8,70.8,5.8,75.0,0,75.1
4.2,76.1,9.6,48.4,0,76.9
8.9,52.7,5.0,33.7,0,71.7
8.2,98.7,9.8,46.2,0,89.0
3.4,61.3,5.2,86.1,0,74.1
2.6,65.2,8.4,89.6,0,70.8
3.8,65.2,7.3,63.8,1,65.1
5.9,61.5,9.3,59.1,1,83.0
2.7,50.1,7.3,98.4,0,73.3
6.2,86.5,7.2,44.0,0,76.3
4.1,98.3,5.2,45.1,1,71.3
5.5,61.2,5.0,50.4,0,62.7
4.4,83.2,9.5,42.1,1,77.5
2.9,87.1,6.0,56.6,0,71.5
9.5,92.4,6.2,93.8,1,100.0
7.6,71.1,8.6,73.1,1,88.6
1.4,65.1,6.0,58.8,0,60.0
8.7,66.3,9.7,95.4,0,93.3
4.9,85.6,8.4,33.4,0,74.6
8.9,90.8,7.6,44.7,0,87.0
8.0,59.1,9.3,69.6,1,87.2
4.3,68.5,4.3,73.1,0,65.6
0.2,95.1,5.5,32.8,1,55.9
2.7,90.3,6.8,58.2,0,66.7
5.4,99.2,5.4,75.4,1,91.5
6.3,87.7,8.5,78.9,0,84.9
2.6,69.7,9.5,74.7,0,65.9
1.4,79.5,6.5,52.4,1,69.6
8.3,83.1,6.1,36.5,0,82.9
9.8,53.9,9.8,59.9,0,75.9
5.3,77.2,6.7,39.0,0,65.4
1.7,85.5,6.9,96.3,0,65.7
2.7,58.4,6.1,63.3,0,53.6
0.2,89.0,9.5,52.2,1,52.0
9.1,79.2,7.4,83.6,0,93.7
1.2,97.6,8.6,64.9,1,68.3
5.8,52.1,8.9,51.7,0,67.4
2.7,63.3,6.1,86.8,0,58.5
5.5,80.1,6.6,90.7,1,85.8
6.5,64.8,9.1,77.1,1,82.2
8.3,85.7,6.2,33.3,1,88.1
2.1,88.0,8.8,69.6,1,79.7
0.1,55.1,9.6,83.4,1,63.6
1.4,75.7,7.7,39.6,0,54.0
9.0,75.4,8.4,46.0,1,95.5
8.7,68.5,8.8,91.8,1,90.0
6.0,96.6,9.1,31.4,0,73.1
6.0,91.4,6.4,82.7,0,85.4
6.7,84.9,4.3,63.2,1,89.7
1.8,85.7,6.4,61.3,1,65.8
9.1,73.1,8.0,30.5,1,82.0
4.2,96.0,6.7,87.4,0,76.9
3.8,84.7,8.5,55.2,1,78.9
5.2,86.4,6.1,67.9,0,80.9
0.5,93.1,7.8,77.4,0,70.9
1.7,63.7,5.1,79.2,0,55.6
7.4,90.4,8.5,96.9,0,94.1
0.8,59.8,7.3,67.2,1,51.9
6.0,67.3,5.2,58.0,0,69.8
2.5,66.8,5.8,96.8,0,63.0
3.9,98.9,8.5,74.9,1,80.5
2.9,92.8,6.9,50.9,0,66.5
3.6,85.1,5.3,38.9,1,63.4
7.2,86.4,9.8,89.0,0,92.7
3.0,78.1,8.3,55.4,1,71.4
5.7,97.4,9.7,76.2,0,90.4
4.8,74.8,6.6,63.0,0,69.8
6.6,69.0,6.9,43.9,1,74.9
9.4,58.2,9.4,72.1,0,83.8
7.3,89.3,7.2,34.2,0,79.1
2.1,86.7,8.2,58.9,1,71.1
0.3,69.2,5.5,68.3,0,47.1
2.6,51.3,6.7,60.5,0,58.8
6.0,91.9,4.7,82.4,1,82.7
0.5,50.6,5.2,88.0,1,55.2
5.0,85.2,4.0,84.0,1,84.4
6.0,98.5,4.2,32.7,1,79.1
3.3,71.9,9.9,43.6,1,68.2
7.7,61.7,5.5,67.6,0,74.7
1.1,85.2,8.0,95.4,1,78.7
0.8,90.9,9.0,88.4,0,75.3
7.3,77.3,7.3,89.0,1,88.8
5.0,98.4,4.9,51.2,0,71.3
6.9,52.6,8.4,60.1,0,64.3
4.3,75.2,7.6,62.9,1,74.8
2.5,85.9,8.4,41.0,0,63.7
8.2,93.1,8.6,32.2,0,89.3
8.0,59.0,9.9,96.3,1,94.4
6.9,90.0,7.4,46.8,1,89.5
2.7,77.6,6.0,46.8,1,60.2
5.9,69.8,7.9,35.8,1,75.9
3.6,56.6,4.4,95.0,0,63.2
0.9,93.3,9.4,70.6,0,73.2
9.2,57.9,4.7,76.7,0,75.3
1.4,65.5,6.0,93.8,0,63.6
9.5,64.5,8.9,54.2,0,77.3
4.5,93.6,7.6,73.5,0,79.5
1.9,83.6,6.4,32.7,1,60.7
5.4,89.8,6.8,43.1,0,71.9
8.7,62.5,9.1,88.2,0,86.5
7.3,81.2,6.0,83.7,0,89.9
8.1,78.6,9.2,54.5,1,88.3
6.6,91.6,4.5,56.4,1,79.6
6.9,95.3,8.7,67.3,1,93.1
8.5,50.6,9.1,30.0,1,84.6
2.5,83.7,5.1,46.9,0,64.5
4.9,52.6,6.6,44.6,0,63.7
2.2,77.4,5.0,47.5,0,58.5
9.9,64.4,8.2,86.4,1,97.2
9.4,65.3,7.2,49.6,0,72.0
0.4,67.6,7.8,43.4,0,47.4
7.1,81.1,5.2,65.3,0,77.7
9.3,66.7,5.3,90.6,1,84.3
1.8,86.6,4.2,46.9,1,55.6
5.7,70.2,5.9,35.5,1,59.8
9.2,53.4,7.4,54.9,0,77.9
0.3,89.2,9.1,82.3,0,72.5
7.0,64.3,8.0,68.5,0,83.0
3.0,71.6,6.6,87.2,0,71.4
9.2,84.3,9.7,97.2,1,100.0
9.7,66.6,8.3,85.5,0,85.9
9.4,52.8,9.6,72.3,1,82.5
4.7,68.7,7.2,64.5,0,64.9
8.6,97.2,5.6,32.8,1,82.7
8.4,82.1,4.3,98.9,0,91.4
3.2,83.6,8.4,56.8,0,65.6
8.3,81.6,4.7,40.7,1,81.7
0.4,59.9,5.8,76.7,1,54.7
6.0,70.9,7.2,49.9,0,71.5
2.3,87.5,7.4,71.0,0,74.6
1.2,55.1,7.6,71.1,0,50.4
0.8,63.9,5.0,61.2,1,55.0
7.0,63.8,6.3,88.5,0,80.7
3.4,71.6,7.7,48.5,1,64.8
7.2,99.0,9.8,61.4,0,96.1
0.7,53.4,8.4,67.6,0,56.4
3.2,75.9,9.5,76.5,0,69.7
5.4,59.0,8.6,84.9,0,75.4
7.9,98.5,7.6,57.6,1,94.5
3.2,55.7,5.2,75.2,1,61.6
6.3,70.2,8.0,40.5,0,73.4
8.9,86.9,7.7,95.3,0,100.0
6.2,85.2,7.6,56.8,0,86.8
2.3,71.1,6.9,81.1,1,63.1
0.2,67.3,7.2,31.4,0,45.0
8.7,69.9,6.0,44.4,1,76.9
0.2,63.2,7.1,64.1,1,57.5
8.7,60.3,5.2,91.5,1,81.4
5.3,74.2,8.8,66.9,1,81.3
9.4,63.4,5.1,95.1,0,86.5
8.0,64.4,4.5,63.9,0,72.8
10.0,82.8,6.6,64.3,1,89.6
3.5,98.4,7.9,38.4,0,68.9
7.7,80.2,6.6,86.2,0,93.2
4.0,53.8,5.7,47.3,0,55.6
4.8,53.8,7.3,93.0,1,77.9
6.3,97.6,6.1,93.8,0,97.8
8.7,64.9,9.6,96.0,0,95.2
9.8,54.6,9.5,66.4,0,84.7
7.7,80.0,7.0,77.4,0,89.1
4.2,81.2,6.0,84.5,0,73.4
4.2,82.4,8.4,39.2,0,66.5
7.4,63.4,4.2,72.1,0,68.8
2.4,50.8,6.8,32.4,0,50.7
1.1,98.3,6.0,64.8,0,64.4
3.5,62.5,9.5,40.8,0,62.0
2.9,83.8,4.1,42.8,1,57.5
3.0,85.3,7.3,55.6,0,69.3
2.3,80.5,8.4,60.3,1,66.5
0.4,65.6,6.9,73.6,0,55.2
0.2,63.6,4.5,35.2,1,47.5
9.9,79.9,9.8,65.3,1,100.0
4.3,93.3,7.1,42.8,0,71.4
3.8,97.3,7.7,70.2,1,75.0
6.8,55.3,5.4,74.6,1,87.4
2.2,57.7,6.9,69.0,1,67.9
9.5,97.2,6.6,81.7,0,100.0
7.9,86.8,4.4,53.5,1,80.4
0.9,94.1,4.6,83.6,1,69.0
4.2,60.1,9.0,60.3,0,64.6
8.8,79.4,5.4,63.9,1,93.2
9.4,85.1,5.2,75.4,1,96.0
4.7,84.0,7.0,31.3,1,66.5
6.1,70.4,8.6,75.8,0,78.6
1.7,50.8,4.4,73.3,1,58.5
9.9,79.1,7.5,51.7,0,95.4
2.3,62.7,4.7,36.0,1,57.7
9.4,72.5,4.2,36.4,1,82.3
6.5,97.9,4.3,94.6,1,91.6
6.1,70.0,9.0,78.2,1,71.4
5.1,92.0,4.7,38.9,0,70.6
2.3,59.4,4.3,55.0,1,54.5
1.8,83.6,6.6,71.5,0,66.3
2.2,98.9,9.1,88.5,1,83.7
1.9,55.1,5.6,33.1,0,39.6
7.8,50.4,6.5,46.6,1,74.1
3.5,71.7,4.2,92.3,1,74.8
0.6,54.6,6.7,30.6,0,44.1
9.7,87.4,7.5,44.1,0,93.0
8.8,95.7,7.4,97.1,0,100.0
9.3,71.7,6.0,72.9,0,85.7
9.9,62.9,5.9,48.3,1,83.0
1.7,71.7,4.6,34.7,0,49.7
4.0,86.2,6.2,32.0,0,64.3
7.6,50.5,4.6,47.1,0,69.4
7.0,79.5,8.6,91.7,1,96.1
1.5,80.7,9.8,59.1,1,76.9
8.2,81.9,9.8,80.4,1,100.0
2.2,62.1,9.2,94.3,1,72.8
2.2,85.7,7.6,58.6,0,51.0
5.4,54.6,8.2,43.4,1,71.5
5.9,60.0,5.7,66.2,0,67.2
5.8,93.9,7.8,93.6,1,90.5
0.9,86.9,6.7,86.3,0,66.2
8.8,50.7,6.9,34.6,0,68.2
2.7,62.4,8.5,78.5,0,68.5
1.3,60.7,5.7,70.0,0,48.1
8.9,63.5,5.9,93.5,0,83.8
9.6,62.4,9.5,38.6,1,86.1
8.6,53.1,4.3,67.4,0,77.1
8.1,72.9,6.9,91.6,0,92.2
6.6,86.6,9.5,58.7,0,81.5
5.5,80.3,7.7,63.7,0,73.4
0.9,83.6,7.3,34.9,1,55.4
4.1,54.1,5.5,49.5,1,60.3
3.7,97.6,6.1,52.7,0,77.9
2.6,91.9,9.1,96.2,0,73.3
7.2,90.3,7.4,49.8,0,82.0
5.0,91.1,7.1,62.3,0,72.6
0.8,96.6,4.6,77.0,1,61.7
2.2,77.2,4.1,41.4,1,60.6
6.8,60.0,9.8,64.1,0,80.3
0.8,80.8,6.3,81.7,0,65.1
8.5,87.1,7.6,90.7,0,100.0
5.0,86.9,4.5,73.8,0,73.5
4.8,76.1,8.1,76.8,0,75.6
5.9,53.4,9.6,38.8,1,77.8
8.2,68.6,7.5,96.2,1,92.6
3.5,96.0,4.8,39.3,0,68.2
6.8,79.2,7.5,84.2,1,89.3
5.7,76.9,8.6,48.5,1,69.9
2.7,63.4,6.4,95.4,1,62.4
8.8,68.4,9.3,80.4,0,88.9
8.0,94.8,7.9,82.8,1,100.0
6.6,83.3,9.4,45.3,1,86.3
8.5,89.4,7.7,61.0,0,94.1
8.7,72.7,4.8,73.2,1,82.9
7.1,81.5,5.9,83.9,0,92.0
8.4,62.4,5.2,37.3,1,69.9
7.0,85.3,9.5,97.4,0,96.1
6.8,71.4,8.6,92.3,0,87.2
6.2,72.1,8.1,48.9,1,76.0
7.5,82.5,5.8,87.6,1,96.7
1.6,96.8,5.1,66.3,0,63.3
8.8,53.2,8.5,62.3,0,74.9
8.7,91.2,6.8,52.0,1,91.3
0.3,64.6,5.4,70.7,1,53.2
8.3,72.2,7.7,81.1,1,100.0
1.3,51.1,4.2,58.8,1,51.7
3.4,65.1,6.0,74.0,0,62.8
7.4,75.1,6.8,79.0,0,80.5
1.6,52.8,4.9,79.8,0,46.4
8.2,74.6,9.9,33.6,1,79.4
8.3,96.4,5.3,90.2,1,99.2
5.1,55.3,4.8,62.1,0,68.0
0.1,88.2,5.2,48.4,0,58.0
2.9,70.5,8.6,46.9,0,62.8
6.2,82.8,6.6,63.8,0,77.5
9.8,63.0,7.4,92.1,0,94.1
6.3,58.0,4.1,56.5,0,63.1
2.6,58.0,4.2,82.5,1,68.7
6.3,53.5,6.7,36.8,0,61.9
5.4,59.3,8.9,63.3,0,71.0
7.8,83.2,9.3,99.4,0,88.9
1.1,94.1,4.5,83.9,0,66.2
7.6,90.7,7.2,44.7,0,86.3
5.4,84.3,9.5,65.1,0,77.2
9.6,55.5,6.3,46.4,0,73.7
3.4,64.5,9.0,58.7,1,71.3
6.3,65.5,4.8,84.6,0,70.0
9.3,62.5,9.6,84.0,1,99.6
1.0,75.8,8.5,46.0,1,57.7
9.4,76.8,9.6,94.6,1,100.0
6.9,67.8,8.1,71.5,0,75.8
0.7,67.7,6.2,56.6,0,53.5
3.0,91.4,9.6,65.1,0,85.6
7.1,89.5,5.7,72.4,0,88.3
0.7,65.4,6.0,69.2,0,50.6
5.8,95.7,8.2,64.0,0,89.2
3.5,97.6,8.6,65.3,0,76.7
6.2,66.3,9.6,42.3,0,77.9
0.5,67.7,5.2,86.9,0,60.6
8.7,75.3,8.8,67.9,0,77.7
9.7,97.1,8.4,39.2,1,92.0
9.7,93.8,4.4,83.6,0,100.0
7.5,55.1,6.3,95.3,0,81.9
1.3,69.6,5.7,96.3,0,60.0
7.6,77.7,5.8,55.8,1,79.4
0.2,75.2,9.9,39.5,0,46.8
0.2,59.7,7.9,66.3,0,52.2
3.2,92.9,8.3,37.9,1,80.1
4.9,83.8,9.9,95.4,0,90.8
7.7,91.9,6.3,42.9,1,93.5
6.8,92.9,8.8,47.7,1,90.6
4.5,87.4,6.6,58.5,1,80.3
2.7,72.0,9.2,56.8,1,76.2
10.0,80.5,5.1,85.6,0,96.1
4.3,58.0,9.7,61.9,1,70.0
4.5,83.7,5.3,42.0,1,73.2
1.6,59.0,6.0,48.7,0,55.8
7.9,84.7,8.5,65.6,0,87.3
6.9,61.5,6.4,40.3,0,65.0
2.2,55.9,7.6,72.8,1,63.0
0.8,58.3,6.7,69.6,0,56.5
6.8,50.1,8.5,80.0,1,82.7
6.5,85.9,5.4,95.6,1,84.8
2.7,86.6,4.4,93.9,0,80.0
9.5,75.7,5.8,96.2,0,92.5
1.5,58.1,6.8,47.1,0,49.1
4.3,54.2,5.0,39.2,0,50.3
9.4,51.0,6.1,51.2,0,86.1
4.2,58.3,6.4,92.7,0,71.3
6.4,94.5,4.3,98.0,1,88.6
4.0,62.1,7.5,90.2,1,78.4
2.7,67.7,9.3,37.7,0,62.3
9.8,55.3,4.9,96.3,1,90.0
4.1,61.1,7.6,59.6,1,70.9
8.9,76.0,8.0,30.7,1,79.7
2.3,80.4,6.5,61.0,1,64.7
2.1,62.3,8.2,33.2,1,47.3
0.3,52.9,6.5,68.1,1,46.5
6.5,69.6,7.0,53.7,0,80.8
3.7,61.7,4.0,63.1,0,65.4
8.6,61.0,8.2,72.9,0,84.8
4.7,98.0,8.0,90.8,1,97.7
9.7,80.8,4.2,76.3,0,89.5
1.9,77.8,6.2,60.4,0,59.7
8.7,70.8,9.9,87.4,0,94.6
7.8,71.4,6.5,93.4,1,90.3
7.7,77.0,7.0,38.4,0,75.7
8.4,84.8,9.5,67.2,1,100.0
7.6,85.1,8.3,49.9,0,84.5
6.3,58.6,7.5,33.3,0,67.3
1.3,75.0,8.8,76.8,0,69.9
0.3,70.6,9.2,90.4,1,69.3
9.2,93.5,6.7,41.4,1,87.0
6.2,81.6,6.9,86.9,1,82.2
8.0,76.6,6.3,89.7,1,92.7
4.8,55.8,9.8,94.0,1,79.4
1.2,80.3,8.2,48.6,0,59.5
1.3,55.9,4.5,93.3,0,56.4
6.9,66.9,9.2,52.4,1,90.1
4.3,57.1,6.9,68.7,1,62.7
2.0,84.6,4.4,33.5,0,46.2
4.9,60.3,7.3,33.1,1,64.4
0.6,69.6,6.5,80.4,0,57.5
5.8,94.8,9.3,61.1,1,89.5
2.7,60.2,5.2,47.9,0,55.1
8.0,75.4,9.0,43.3,1,89.2
3.1,71.0,7.3,76.9,1,65.4
4.6,50.9,4.3,30.0,0,48.0
0.1,89.6,9.8,86.4,0,72.3
0.7,53.5,7.1,35.5,1,49.3
3.9,73.7,5.7,43.4,1,73.3
4.8,78.0,6.8,57.0,0,74.9
6.0,81.4,9.1,63.9,1,84.5
2.9,84.4,5.8,54.8,0,61.2
6.9,62.7,5.2,52.4,0,67.3
8.6,50.5,4.8,97.5,1,82.4
7.8,86.2,5.8,74.9,0,90.0
0.4,76.8,8.7,31.6,0,52.7
4.8,91.8,6.8,60.1,1,74.4
1.0,91.1,5.4,91.3,0,67.2
2.4,92.2,5.0,51.1,0,67.0
9.9,74.3,6.0,36.6,0,82.6
1.4,66.7,9.6,83.1,0,68.3
5.0,89.6,6.1,72.4,1,83.0
6.2,72.6,9.9,69.9,0,88.4
7.0,59.2,6.9,33.8,1,70.5
5.6,92.7,5.1,39.8,0,70.6
0.1,94.1,9.3,73.6,1,67.5
3.3,73.3,6.8,44.5,0,61.9
5.2,53.8,8.3,65.3,1,61.4
0.9,69.4,9.9,68.1,0,61.0
3.5,90.2,4.3,49.8,0,64.4
0.3,95.1,4.6,96.4,0,62.5
0.8,60.2,8.3,89.0,0,57.3
4.0,53.3,5.7,80.6,1,70.0
1.3,93.9,5.1,35.5,1,60.4
5.7,69.5,4.2,37.4,0,62.8
6.9,77.1,4.1,64.5,1,80.2
8.0,98.4,8.6,41.2,0,88.6
2.0,53.3,4.8,98.5,0,65.0
1.7,82.4,6.8,41.1,1,61.2
1.0,53.7,7.6,64.1,1,49.6
6.4,68.8,6.6,55.5,1,82.1
7.1,90.2,4.2,74.8,0,85.2
0.3,71.7,8.7,39.0,0,49.1
9.4,99.9,4.1,60.1,1,89.3
0.5,78.0,8.6,49.2,0,58.4
5.4,66.1,9.4,92.1,1,84.2
7.1,61.0,6.6,32.8,1,76.1
8.7,67.5,7.2,94.0,1,92.5
7.1,68.6,6.9,88.3,1,83.5
8.0,53.4,6.3,50.8,1,78.1
3.4,68.5,9.3,85.3,1,80.3
8.1,73.2,9.4,32.2,0,79.4
0.8,86.1,6.0,97.7,0,71.6
8.9,82.8,7.7,66.9,1,93.9
5.5,85.4,9.6,51.2,1,82.7
8.2,50.4,9.8,55.4,1,84.9
4.5,60.9,7.1,34.6,0,61.4
6.4,83.1,6.7,99.3,1,91.3
5.3,74.2,5.7,32.8,1,72.0
7.3,50.3,9.8,75.8,1,72.8
0.8,90.2,4.9,61.0,0,67.7
0.6,88.6,7.5,96.4,1,67.1
2.5,77.4,5.7,47.2,0,56.1
1.6,53.3,5.7,67.2,0,51.9
8.7,88.3,6.4,63.8,1,91.9
2.2,79.2,10.0,79.2,0,76.7
9.8,89.1,4.3,34.8,0,78.8
3.4,87.6,7.5,43.6,0,68.1
1.8,90.2,4.5,45.0,1,59.1
7.9,75.9,4.9,81.7,0,85.7
6.6,57.0,6.6,43.2,1,69.0
5.0,83.6,7.1,70.1,1,80.7
5.6,81.0,5.6,45.1,1,70.7
7.2,87.1,5.9,90.3,0,87.5
2.3,58.5,4.5,96.0,1,65.9
10.0,59.7,5.8,66.3,0,87.4
9.7,94.5,9.8,54.7,0,95.7
6.5,87.5,9.7,46.4,0,78.5
2.0,95.4,6.0,33.5,0,62.7
6.8,87.9,7.4,48.8,1,83.3
0.7,79.9,9.5,75.8,1,72.4
0.3,82.7,4.0,67.4,0,51.8
2.6,94.5,8.9,96.1,1,77.8
4.6,78.9,9.7,57.7,1,76.2
8.7,81.6,4.5,78.6,1,87.9
7.3,57.8,5.0,64.3,0,71.4
7.4,73.7,9.8,65.9,1,85.9
4.3,85.8,7.2,48.7,0,73.4
3.5,63.5,4.1,61.8,1,60.3
3.7,60.1,5.5,63.0,0,61.2
9.9,65.7,6.7,79.5,0,90.6
0.4,62.1,8.2,95.8,0,62.6
8.7,60.7,8.4,53.1,1,82.9
5.8,71.2,10.0,33.0,0,72.9
4.4,95.4,5.7,64.7,1,75.8
7.3,75.4,7.2,68.1,0,87.7
4.9,59.4,7.2,41.8,1,63.6
8.7,53.8,6.4,83.2,0,77.1
9.0,84.8,5.0,98.9,1,99.7
4.2,69.1,9.9,96.2,0,76.9
2.8,91.1,9.1,43.8,0,71.4
5.9,83.0,7.0,91.3,0,94.4
9.1,89.8,7.6,79.3,1,97.0
2.1,63.6,5.4,61.8,0,56.9
6.2,84.6,7.3,67.8,0,74.8
6.3,63.2,8.2,89.5,0,83.2
7.3,97.0,7.1,63.6,0,85.1
1.3,81.8,9.9,56.1,1,65.2
7.2,66.2,7.7,64.5,0,74.0
9.1,63.5,6.2,70.5,0,86.4
1.8,59.5,8.6,43.2,1,60.4
2.4,84.7,5.0,93.1,1,74.4
9.7,60.9,6.3,77.2,1,86.1
1.8,79.8,6.1,74.3,0,70.8
8.5,63.2,6.6,37.0,1,73.7
4.9,83.1,8.7,72.3,1,74.3
2.5,90.7,6.9,38.5,1,67.7
8.7,88.9,8.8,35.5,0,81.7
4.5,88.0,7.5,66.9,0,80.8
5.1,59.4,6.1,58.2,0,63.4
3.6,54.4,8.9,71.2,1,70.6
5.9,84.9,5.4,36.2,0,75.8
1.6,68.4,5.3,60.2,1,53.4
3.9,71.6,7.0,42.2,1,63.1
9.7,51.6,5.6,99.1,1,90.3
2.6,63.0,4.1,69.3,0,63.1
6.6,51.7,7.9,78.1,1,75.3
3.3,94.0,7.1,52.8,1,71.2
7.7,62.2,6.7,36.6,0,72.4
1.3,77.9,9.8,98.3,1,74.3
9.7,51.9,7.4,50.0,1,81.9
4.5,83.3,9.2,59.7,1,73.0
2.4,66.2,4.8,75.5,0,68.9
0.7,94.9,7.4,31.7,1,55.0
1.7,94.4,9.2,86.7,0,75.7
5.2,66.3,7.5,67.6,0,71.9
3.4,95.0,8.3,49.5,1,83.0
8.3,99.8,6.2,34.3,1,82.1
4.3,91.3,4.6,41.4,1,77.6
2.5,92.2,6.7,92.7,1,82.8
6.2,62.5,6.4,78.0,0,76.7
7.1,78.8,9.2,47.5,0,76.6
1.7,53.4,5.5,34.6,1,49.2
1.7,54.7,9.8,78.3,0,58.9
0.4,99.9,9.7,70.1,1,79.0
7.4,66.3,5.5,58.3,1,73.4
6.6,87.4,6.1,55.5,1,81.9
4.7,90.3,9.4,45.2,1,76.9
8.4,92.9,9.8,76.9,0,94.5
8.1,99.9,6.7,97.9,0,100.0
5.9,62.1,5.9,42.3,1,69.3
8.7,52.0,7.2,71.8,1,87.6
2.1,70.6,8.1,59.7,0,54.4
1.1,56.5,5.6,61.3,0,54.2
2.7,51.1,8.4,47.8,0,64.4
0.6,68.0,4.3,87.8,1,57.9
5.3,89.2,4.3,64.0,0,82.3
9.4,78.3,6.3,68.0,1,91.1
0.4,65.6,6.1,51.3,1,46.4
1.2,82.7,5.9,42.7,0,54.0
4.5,61.6,6.9,36.0,1,66.5
9.3,50.7,5.9,80.0,0,78.5
3.2,88.2,5.2,43.7,1,63.7
5.1,81.2,5.9,78.3,1,82.4
0.4,88.1,9.8,57.3,1,66.9
1.5,51.9,6.5,59.1,1,55.7
9.9,91.9,6.7,62.8,1,98.8
9.7,81.0,7.5,55.7,1,94.7
0.0,78.2,9.9,37.0,0,52.4
9.5,81.2,5.4,51.7,0,86.3
6.4,93.2,8.1,76.5,1,88.0
8.7,79.3,8.3,76.6,0,97.4
4.5,79.0,7.6,50.0,1,70.5
5.2,99.5,4.5,62.2,0,82.2
4.9,87.8,8.1,43.5,0,72.4
6.7,72.1,4.4,44.7,1,72.6
1.4,85.4,7.6,31.6,0,54.6
0.3,69.5,8.4,92.8,1,62.6
3.1,61.4,5.3,44.7,0,46.9
7.0,79.8,9.0,45.9,1,78.9
2.0,96.4,4.2,49.6,0,60.7
6.7,96.5,9.1,38.9,1,87.0
9.7,67.1,6.8,74.7,0,92.8
0.9,76.4,5.3,35.3,1,50.5
6.7,60.6,4.8,39.4,0,60.8
4.4,99.8,9.7,75.1,1,83.5
8.7,99.1,4.4,53.8,0,89.6
1.8,82.5,5.2,79.6,1,73.8
6.9,90.2,6.1,69.0,0,89.8
8.4,85.8,7.7,47.9,1,91.3
9.4,79.7,7.3,75.6,1,98.8
6.8,52.7,4.8,38.1,1,71.3
5.0,72.7,5.7,67.5,1,75.2
6.2,83.7,5.4,60.6,0,79.3
8.7,83.9,5.3,48.8,0,81.1
5.7,68.7,6.5,72.3,0,68.8
0.3,97.1,8.2,91.0,1,72.9
9.3,58.4,5.3,99.9,1,91.4
6.9,75.0,6.2,72.5,1,83.6
6.8,84.5,6.3,58.3,1,90.6
2.2,84.9,9.9,45.8,1,69.3
6.6,82.4,9.7,48.0,0,85.7
3.9,63.8,8.8,63.6,0,66.0
6.5,57.8,5.4,55.7,0,66.4
1.1,81.8,4.4,94.0,1,62.6
6.6,80.0,5.9,55.8,1,76.3
10.0,59.0,5.6,56.1,1,85.7
0.5,85.3,7.0,56.8,1,61.8
9.8,72.8,8.7,88.6,1,100.0
4.1,83.4,9.1,75.6,1,82.3
8.7,91.9,9.1,73.0,1,98.6
7.8,58.5,6.2,53.4,0,81.5
5.7,51.0,8.1,87.3,0,73.8
7.4,89.0,5.9,32.7,1,84.1
8.8,80.5,4.4,91.0,1,92.1
4.0,85.0,8.2,65.9,1,81.0
3.3,91.9,4.1,57.9,0,70.4
6.7,90.1,6.5,64.8,0,84.1
8.1,98.0,6.0,76.7,1,86.8
7.6,76.8,8.2,30.9,0,76.1
8.0,74.4,8.6,91.0,0,97.0
4.4,70.1,5.8,61.3,0,68.4
8.2,57.7,8.9,54.0,1,82.9
1.2,78.6,5.8,39.7,0,45.9
5.4,63.9,6.7,60.8,0,66.2
0.1,96.1,8.4,64.7,1,69.7
3.2,79.2,8.2,58.3,1,73.0
3.7,79.6,9.9,77.5,0,82.3
4.0,67.7,5.4,59.5,1,65.4
7.0,52.6,8.0,97.3,0,83.2
3.9,51.6,7.7,71.9,0,63.7
4.5,71.2,9.5,86.5,1,78.0
2.4,54.2,4.9,37.7,1,40.6
3.7,80.3,8.5,57.8,0,72.6
2.3,94.0,7.4,53.6,1,71.6
0.7,94.1,5.6,69.9,1,64.5
6.0,83.0,6.8,90.3,0,79.0
6.7,60.6,6.0,35.5,0,67.5
6.2,93.1,7.5,35.1,0,75.7
4.6,94.3,9.3,89.5,0,90.3
3.8,59.8,7.4,44.9,0,66.5
8.6,86.9,7.8,76.8,0,85.4
5.2,64.3,7.1,68.0,1,71.1
4.8,90.1,4.3,88.3,1,81.5
0.3,99.9,5.4,38.8,0,62.0
3.4,51.5,7.0,39.1,1,49.1
3.8,94.9,5.9,69.0,1,85.8
4.0,81.1,5.1,96.2,0,77.1
5.8,98.7,7.0,59.0,1,85.3
5.3,73.3,5.9,52.9,1,71.1
6.1,92.4,5.5,72.5,0,80.8
7.6,53.1,6.8,95.1,1,89.0
8.1,66.8,4.8,88.6,1,82.4
7.2,53.4,9.6,99.7,0,87.0
9.6,98.8,9.2,31.6,1,93.7
0.2,90.8,8.2,37.9,1,56.7
2.0,92.6,4.6,72.7,1,80.2
0.1,96.9,8.7,87.4,0,73.2
6.5,54.3,8.8,50.0,0,72.4
9.0,69.3,8.6,46.7,1,90.3
2.4,53.6,4.7,85.1,1,55.4
9.3,60.5,7.9,33.9,0,83.4
0.6,61.5,9.0,55.9,0,43.6
9.3,73.5,7.5,65.4,1,88.4
3.5,63.4,7.9,69.2,0,64.3
1.0,55.0,6.8,81.0,1,61.0
4.9,58.4,7.2,54.8,1,68.3
2.6,57.4,4.2,72.9,0,55.4
2.8,98.7,7.8,71.0,0,76.4
3.1,88.0,4.5,68.3,1,66.9
8.0,98.4,6.6,74.8,1,90.7
5.4,72.0,5.8,48.2,0,70.1
3.1,63.9,7.3,35.9,1,61.4
6.1,89.9,4.8,38.3,0,78.5
7.2,66.3,8.1,45.7,0,71.3
2.7,65.0,8.8,65.0,0,67.0
4.1,61.6,5.0,88.8,0,67.1
1.2,56.5,4.6,79.1,0,58.0
1.8,62.8,4.9,85.2,1,66.5
6.8,67.8,9.3,54.6,0,78.4
1.8,83.7,7.2,58.3,0,62.1
5.3,53.1,6.8,57.6,0,67.9
7.1,60.5,4.6,43.4,0,68.9
1.1,90.5,7.9,34.3,0,55.6
5.7,57.3,9.2,71.4,0,68.8
2.6,67.1,9.0,99.2,0,72.1
9.6,93.2,7.8,41.7,1,99.9
4.8,57.7,4.5,33.3,1,62.2
8.1,54.1,4.7,84.6,1,76.4
5.5,74.2,4.3,47.7,1,64.4
0.4,65.1,5.5,88.1,0,62.2
6.3,78.2,4.8,79.3,1,77.5
9.5,90.2,5.6,96.2,0,100.0
6.0,56.9,6.3,58.6,1,68.1
8.2,79.0,9.7,76.3,1,100.0
8.8,75.3,7.7,62.5,0,83.8
2.3,57.2,9.0,74.1,0,67.1
2.1,81.2,8.3,61.5,1,69.8
6.1,63.7,4.7,43.2,1,68.0
4.1,74.4,8.4,65.6,1,67.1
8.4,54.1,5.7,67.0,1,70.2
9.0,73.0,7.8,86.7,0,92.1
3.5,65.3,6.0,81.5,1,71.2
2.4,91.1,10.0,76.5,1,75.3
7.8,52.8,5.6,37.9,1,64.8
2.7,70.9,5.7,80.4,1,70.8
8.2,72.9,9.6,65.0,1,92.7
4.2,86.3,4.1,92.6,0,76.3
6.7,78.7,8.2,94.4,0,92.4
1.0,83.4,8.4,33.9,0,51.3
6.2,88.9,9.0,87.4,0,89.4
4.5,93.1,9.8,32.6,0,80.4
5.9,65.7,9.9,55.7,1,78.0
1.7,76.9,4.4,68.0,0,59.4
7.4,92.0,8.9,40.4,0,93.2
8.6,99.5,7.9,82.2,1,97.3
2.2,94.5,7.9,30.6,0,65.8
1.0,68.6,4.8,41.8,0,54.1
0.2,59.8,7.9,70.7,0,52.5
6.4,74.5,9.9,80.0,0,89.3
6.1,87.1,9.5,94.2,1,91.0
5.5,74.6,6.6,79.4,1,77.8
2.3,74.2,4.2,77.0,0,63.7
3.9,91.9,6.2,57.6,1,78.2
5.9,68.1,9.0,30.1,0,72.6
5.0,93.0,8.2,38.4,1,83.6
9.9,70.3,6.8,67.4,1,91.4
1.4,66.4,4.3,77.3,1,64.1
7.0,72.7,6.6,59.2,1,78.6
4.0,88.1,6.8,81.1,1,84.6
4.3,56.3,9.6,66.5,1,72.0
7.2,59.8,7.8,35.2,1,73.9
6.9,97.6,5.9,43.4,1,85.2
9.9,58.8,7.2,88.8,1,87.3
1.3,78.4,4.4,80.7,1,59.7
1.0,79.0,9.8,92.6,1,75.1
7.2,74.5,6.2,38.2,0,66.0
5.8,82.2,6.9,99.3,1,93.0
2.7,61.5,6.1,44.7,0,57.5
0.8,77.6,8.1,30.8,1,56.6
0.9,68.6,8.0,99.8,0,61.9
8.9,83.1,8.3,49.7,0,93.3
1.9,57.1,5.6,76.8,0,64.9
3.2,78.5,5.9,42.4,1,64.3
2.3,59.3,4.8,70.6,1,61.0
3.5,63.9,7.9,93.3,1,76.3
0.7,60.9,4.2,52.4,1,50.8
5.2,59.1,7.6,76.9,0,71.5
0.7,91.3,9.2,43.2,1,64.3
8.0,64.3,9.3,73.7,1,92.1
2.3,96.4,6.7,53.6,1,80.2
5.4,98.5,6.8,44.8,1,74.6
8.8,78.6,4.5,51.9,1,83.1
6.5,57.2,8.0,42.5,1,66.2
5.3,68.7,8.9,93.1,1,91.3
3.2,89.9,5.5,57.8,1,68.6
3.3,68.4,6.5,47.2,0,53.9
6.7,54.4,9.0,61.4,0,76.4
9.9,77.8,9.3,52.4,1,100.0
6.6,92.3,5.5,82.1,1,92.3
5.6,89.8,7.3,98.0,1,92.7
7.3,58.8,5.2,60.7,1,76.2
4.7,83.6,4.6,90.3,0,83.2
0.6,61.0,9.5,69.6,0,54.1
5.6,60.9,8.9,41.0,1,69.7
9.6,93.7,8.6,78.3,0,99.4
1.8,62.5,4.3,65.9,0,48.8
6.9,63.2,9.1,75.5,1,82.9
2.0,50.0,6.6,92.3,1,67.5
5.4,93.5,6.1,60.8,1,83.5
1.0,89.6,7.3,93.1,0,74.0
4.5,81.4,4.5,82.5,0,74.8
7.6,87.5,8.5,64.2,1,93.5
3.5,57.6,7.5,72.2,1,63.9
6.6,72.9,5.1,52.8,0,70.9
8.0,67.6,5.1,98.9,0,87.2
9.3,54.7,5.1,76.7,1,85.0
2.3,74.3,4.3,33.1,0,52.8
4.0,96.0,7.5,52.9,1,77.0
1.5,52.0,9.0,73.6,1,59.5
9.9,64.6,4.1,33.9,0,87.1
9.3,60.4,4.3,31.7,0,74.1
5.4,61.9,7.4,61.5,0,71.2
8.4,95.4,8.9,53.3,1,94.1
5.2,73.4,6.0,60.7,1,71.7
6.2,73.3,6.1,48.4,1,73.7
0.9,88.0,7.6,41.5,1,62.4
7.6,57.7,5.6,78.2,1,72.6
1.3,74.4,4.2,66.0,1,52.5
8.3,71.5,8.4,44.0,0,77.5
7.8,79.8,7.8,52.4,1,86.4
7.1,100.0,7.5,71.4,1,93.4
0.4,88.5,8.5,35.1,1,65.1
3.0,69.9,8.1,40.3,1,56.8
2.6,91.4,5.2,35.1,0,57.3
3.6,58.5,6.1,86.9,1,75.6
0.9,51.5,4.8,82.7,0,51.9
9.4,60.2,4.8,82.7,0,87.8
5.5,67.0,8.1,80.1,1,88.7
3.1,75.5,9.2,76.9,1,72.8
4.0,80.8,9.8,63.4,0,74.8
4.5,95.5,7.8,75.0,0,80.9
6.0,75.5,5.1,32.7,1,61.0
5.2,75.1,4.6,73.5,0,70.9
9.2,52.5,8.9,84.5,1,94.0
5.0,51.7,7.5,65.0,1,70.6
9.9,77.6,7.7,55.0,0,92.2
8.5,71.9,8.7,49.4,1,84.4
2.1,92.0,8.2,75.0,1,73.4
9.3,58.0,9.0,78.5,1,96.6
1.2,51.2,4.3,91.0,0,51.8
8.2,72.5,8.5,54.0,0,83.9
3.8,61.9,9.1,83.9,0,72.8
8.8,52.5,5.7,69.3,1,86.3
8.7,86.2,7.8,91.8,0,100.0
8.1,55.6,5.9,66.9,0,70.5
7.9,80.4,9.7,66.2,0,84.7
3.0,64.1,4.2,70.5,1,64.8
0.8,58.7,7.5,82.5,1,60.4
4.0,69.0,5.0,97.5,0,70.8
1.7,90.1,8.3,35.1,0,65.4
6.9,69.6,5.1,33.7,0,68.0
3.5,87.5,5.4,95.6,1,80.5
9.8,56.3,7.0,67.1,0,86.7
6.4,88.6,9.5,73.0,1,90.0
8.2,61.8,5.3,63.8,1,86.1
1.3,83.9,4.9,36.6,1,52.8
8.6,78.3,8.6,83.8,0,96.5
9.2,96.5,7.0,82.3,0,100.0
4.9,69.4,9.5,51.8,1,68.5
6.1,53.3,4.9,51.4,1,64.2
7.6,51.0,7.9,88.6,1,88.6
1.7,91.3,5.4,35.1,1,65.1
5.0,76.2,4.9,91.7,0,76.4
4.0,88.8,8.1,48.0,0,68.7
1.5,61.7,7.6,71.5,1,65.3
3.7,67.3,8.5,95.5,1,83.3
0.7,51.5,5.9,77.5,1,49.4
0.3,98.1,6.7,59.0,0,57.7
1.4,83.4,6.4,78.3,1,69.5
9.6,96.7,9.9,54.1,0,100.0
5.5,63.3,5.8,49.4,1,66.7
9.7,80.6,5.8,99.8,0,100.0
4.3,83.9,6.1,82.6,0,74.0
3.1,65.9,7.4,75.1,1,60.9
5.1,92.4,5.5,54.9,0,72.8
4.4,97.4,9.5,33.4,0,74.8
1.1,94.2,5.6,32.2,0,54.5
6.4,87.0,9.4,68.8,0,82.0
2.2,63.9,4.6,83.3,1,55.9
6.2,64.1,7.9,67.6,1,76.4
6.5,98.2,9.4,88.9,1,100.0
1.5,50.5,5.0,32.3,1,49.1
0.6,85.8,9.8,55.7,1,71.1
7.8,85.3,6.7,46.6,0,78.1
4.6,81.1,9.7,61.3,0,72.2
0.6,99.5,8.1,35.1,0,62.2
9.9,65.6,5.8,96.8,0,95.7
0.6,67.0,5.1,45.6,1,51.7
7.0,53.9,5.8,94.6,1,73.0
9.8,72.1,4.6,59.8,0,80.5
2.4,63.1,4.9,99.0,1,67.9
1.4,67.2,4.6,68.8,0,57.1
1.2,91.7,6.5,95.2,0,75.5
3.0,96.8,8.8,30.4,1,71.3
1.0,59.3,4.8,82.4,1,59.0
6.9,68.6,4.8,93.2,1,84.6
0.6,96.4,7.9,39.8,1,65.9
5.1,53.1,5.2,36.7,1,60.1
10.0,54.6,4.6,59.7,1,81.6
8.1,58.1,5.0,95.4,1,84.6
6.2,79.8,9.5,68.0,0,83.6
3.1,57.5,8.9,66.9,1,68.4
6.2,98.4,6.1,39.9,0,79.0
5.3,72.3,7.9,30.1,0,67.2
4.3,75.1,7.2,86.7,1,84.6
1.3,62.3,8.1,36.1,0,51.1
8.9,73.5,8.1,74.4,1,90.4
4.5,83.1,7.8,94.0,0,86.0
1.9,87.6,5.6,44.6,0,54.0
3.7,87.7,4.2,76.6,0,67.2
4.1,78.9,6.7,35.5,1,67.9
8.3,95.2,9.3,72.3,0,98.9
7.3,90.9,7.4,41.5,0,76.5
7.7,87.9,9.0,81.5,0,92.5
0.1,52.8,9.9,51.1,1,49.6
4.2,50.3,5.0,62.4,0,55.8
4.8,60.6,8.2,72.0,1,77.6
0.2,83.2,8.0,42.0,0,57.7
2.6,70.6,9.9,81.9,0,71.5
7.6,70.1,9.9,51.2,0,79.1
1.4,94.2,8.1,76.4,1,69.2
5.4,94.8,5.5,41.1,0,78.6
2.2,95.5,8.8,78.2,0,78.5
0.1,65.7,4.6,39.0,0,39.8
2.4,84.6,8.7,59.8,0,71.4
9.8,63.6,9.5,47.3,1,87.6
8.0,59.5,6.3,82.4,0,80.3
9.6,59.2,7.8,48.3,0,82.3
4.9,67.1,6.6,91.7,0,72.9
1.1,71.5,6.6,92.4,0,63.0
5.5,91.5,5.9,43.8,1,76.9
4.5,56.0,8.6,73.0,0,67.1
8.4,86.7,9.6,36.1,0,88.6
1.0,76.6,9.6,57.4,1,72.0
4.9,64.4,5.0,79.9,0,66.7
1.5,74.6,9.2,76.2,0,60.1
3.2,65.0,8.4,73.7,0,59.7
7.4,79.8,5.5,49.8,1,79.4
4.8,71.7,4.4,56.5,0,62.3
3.8,58.2,5.6,37.2,1,57.6
3.9,55.8,9.5,80.3,1,73.7
4.6,77.3,7.8,65.3,1,70.3
7.9,95.1,8.3,79.6,1,91.4
8.9,67.2,5.5,47.4,1,81.6
9.6,86.7,8.3,52.7,1,95.5
7.9,82.9,4.2,53.4,1,80.0
3.2,96.6,6.3,31.8,0,58.0
6.9,91.0,7.8,53.9,0,85.4
4.4,78.3,4.9,86.2,1,82.2
2.5,82.9,8.9,92.8,1,81.1
8.4,94.9,5.4,66.3,1,89.4
0.4,70.0,7.9,61.9,1,58.9
9.0,66.3,6.4,32.2,1,72.5
4.6,50.5,7.6,91.5,1,77.8
6.4,91.3,4.6,30.9,0,71.8
6.6,90.0,4.1,96.1,0,80.2
9.0,55.2,9.5,64.2,1,85.2
6.4,78.8,5.6,53.9,1,79.1
6.1,73.2,8.9,94.7,1,88.3
0.7,55.9,10.0,31.7,0,46.2
5.2,99.0,5.3,70.7,1,79.0
1.5,60.7,5.6,68.4,0,56.8
7.4,53.4,8.0,45.4,0,67.7
5.1,79.7,9.8,60.0,0,69.4
6.8,86.9,9.5,75.7,1,91.4
0.4,51.6,7.0,80.9,1,59.7
0.8,82.9,8.8,30.1,0,53.6
7.2,76.6,4.8,95.6,0,92.5
0.7,55.2,9.9,41.5,0,51.2
0.7,58.6,9.8,46.4,0,53.1
0.1,78.4,5.0,48.4,1,52.4
9.6,64.8,5.8,32.6,0,75.2
7.4,96.9,4.6,38.6,1,80.7
3.5,90.9,5.6,99.0,0,78.7
3.0,99.2,8.9,52.1,1,79.1
3.5,63.0,6.3,38.1,0,52.0
7.7,98.5,4.5,37.5,1,78.9
6.6,71.6,6.1,80.4,1,78.4
1.9,67.4,9.9,89.8,1,81.0
1.7,52.5,7.8,48.0,0,52.8
1.0,52.6,6.5,31.5,1,46.2
6.6,84.6,5.0,45.6,0,69.9
7.6,72.9,9.9,34.0,1,83.6
2.7,61.3,8.9,37.2,1,58.5
0.2,80.7,5.7,60.2,0,55.9
0.8,62.6,4.4,46.1,1,44.5
9.7,78.9,4.3,66.1,1,90.7
3.0,68.0,4.7,47.7,0,54.0
7.7,91.2,7.5,95.8,1,96.5
6.2,91.0,9.6,93.4,1,99.9
3.8,73.9,7.0,69.7,1,66.5
2.1,67.5,9.1,54.8,1,65.9
1.2,68.1,6.7,56.7,0,57.5
6.2,90.3,8.3,58.8,1,82.2
7.7,66.4,8.4,80.9,1,85.4
6.4,60.5,5.0,61.6,1,71.3
5.3,54.2,6.2,90.0,1,75.9
0.4,73.3,7.8,96.1,1,67.8
9.7,74.1,4.4,53.5,1,87.1
8.0,92.0,6.2,69.2,1,99.3
2.9,61.1,7.2,36.7,1,55.1
9.8,69.0,10.0,44.0,0,80.1
6.0,90.4,6.8,58.9,0,83.5
5.8,91.2,8.9,44.4,0,86.0
7.5,69.2,6.6,91.4,0,87.2
8.1,73.0,8.8,41.1,1,78.5
6.6,65.2,7.6,61.9,1,77.6
1.3,96.6,9.3,72.4,0,68.4
3.4,55.9,6.5,78.4,0,65.8
9.3,96.7,7.6,56.8,0,89.1
2.2,84.2,7.8,90.8,1,76.0
3.7,76.6,6.5,69.8,1,68.5
4.3,51.6,4.9,60.8,0,58.7
4.4,73.8,4.6,34.7,0,57.8
6.1,70.4,4.1,62.5,0,71.1
9.4,58.1,9.2,87.5,0,91.6
2.4,82.8,5.4,73.0,0,62.3
1.2,98.6,5.3,88.3,1,76.7
2.0,78.1,8.4,64.6,0,65.3
8.9,85.7,5.9,38.3,1,81.0
6.5,53.4,7.0,31.0,0,71.1
2.9,70.9,5.0,51.2,0,59.5
8.2,55.8,9.8,78.9,1,87.3
8.6,80.6,9.1,85.3,0,100.0
8.5,96.9,9.2,50.7,1,100.0
9.2,83.1,6.4,64.7,1,92.0
2.5,53.8,8.6,59.5,0,59.3
7.6,67.7,4.9,58.7,0,70.7
4.6,77.5,4.1,46.2,1,65.8
8.4,70.2,4.1,39.5,1,74.8
7.3,91.7,7.5,43.8,0,83.0
7.8,90.7,6.7,33.9,1,84.3
6.6,80.6,7.1,43.9,0,77.5
1.8,68.7,4.0,30.6,1,50.4
5.5,62.8,6.5,73.9,0,67.0
9.8,55.3,8.3,52.1,1,81.1
9.4,67.7,6.7,98.1,1,94.3
0.4,70.7,8.4,43.6,0,51.1
1.6,83.8,5.4,54.2,1,66.4
1.3,82.9,8.9,55.0,1,61.6
7.3,53.5,7.5,30.6,1,67.2
8.2,69.8,5.3,88.7,1,92.4
2.1,59.1,5.4,32.2,1,48.6
5.1,57.8,7.8,95.8,1,80.9
8.4,91.4,9.0,92.4,1,100.0
7.3,52.1,6.5,67.5,0,74.0
5.4,71.0,5.5,68.1,1,73.7
5.9,58.4,9.2,75.8,1,82.0
5.1,94.0,8.0,57.1,0,73.3
3.0,77.9,6.7,75.3,1,70.6
5.7,61.6,6.9,33.1,1,66.7
6.9,75.1,5.2,33.8,0,71.3
8.7,86.6,7.8,62.0,1,99.5
6.4,97.9,6.2,68.5,1,86.8
7.6,61.0,10.0,92.1,0,94.4
1.6,94.3,6.9,37.3,0,58.1
4.6,96.7,6.9,87.6,1,93.1
0.1,95.8,7.4,44.7,1,64.9
2.5,81.8,9.5,57.6,0,64.7
7.3,81.5,8.8,52.2,1,86.9
9.9,70.2,6.7,58.0,0,86.1
1.0,87.6,8.3,40.5,0,61.7
4.0,76.6,7.5,65.2,0,70.0
8.0,83.9,7.0,86.1,1,93.6
2.0,71.4,5.2,60.9,0,63.1
5.6,86.6,6.8,64.3,0,78.1
7.3,91.2,5.5,89.4,0,94.0
6.2,57.3,9.5,79.4,1,80.3
1.9,91.6,6.0,64.3,1,75.9
3.6,77.0,9.7,48.0,1,68.8
7.8,92.2,7.2,91.9,0,93.5
5.5,71.6,7.8,70.4,1,85.3
0.1,69.0,7.3,45.5,1,50.3
7.6,95.8,4.8,48.8,0,88.4
0.4,62.6,6.3,86.2,0,60.1
7.5,92.2,4.6,33.1,1,78.4
2.0,74.2,7.7,99.4,1,67.8
9.6,75.7,6.7,39.1,0,82.3
3.7,65.4,8.7,85.7,1,76.1
3.3,78.7,5.3,57.6,0,68.5
1.5,66.3,5.0,64.5,0,60.9
3.1,52.0,6.4,91.6,1,64.2
8.8,63.6,9.6,58.9,1,90.7
10.0,50.3,8.3,67.6,1,90.3
3.7,98.9,6.5,33.5,1,75.4
4.5,98.3,7.1,30.2,0,72.8
7.2,69.8,4.5,47.1,1,66.0
8.9,86.4,9.9,77.6,1,100.0
5.9,67.3,8.0,38.5,1,66.8
3.9,83.6,5.7,38.0,0,62.7
4.1,90.3,7.5,58.8,1,81.4
7.0,97.3,4.7,75.3,1,91.0
0.0,70.0,9.8,79.8,0,66.4
6.2,89.2,5.0,42.5,0,75.0
3.6,63.3,7.9,35.6,0,52.6
7.9,99.5,5.5,95.8,0,87.2
0.9,51.3,8.3,48.2,0,48.8
5.9,80.2,8.7,89.7,1,88.7
4.8,83.0,8.0,90.4,0,79.1
6.4,84.4,7.7,84.1,0,80.3
0.6,56.0,9.4,41.8,0,45.9
5.8,96.9,4.5,87.5,0,84.5
5.6,59.1,6.0,83.8,0,75.4
5.6,81.1,5.5,71.8,0,77.5
6.0,61.1,9.9,53.6,0,79.7
6.8,65.4,6.3,48.4,0,66.5
8.0,77.3,8.4,38.5,1,86.5
2.7,70.9,8.1,65.7,1,68.5
8.3,58.0,5.3,71.0,1,83.1
5.0,58.5,5.4,55.2,0,60.6
0.8,70.9,5.7,63.3,0,58.7
0.6,87.9,6.5,55.4,0,60.0
3.3,94.9,5.4,74.9,1,74.5
7.8,54.2,4.1,93.1,0,78.3
7.1,69.7,9.3,41.5,0,75.0
7.9,55.0,9.8,56.7,0,80.2
5.2,50.8,6.0,39.9,1,55.7
4.4,83.1,6.0,73.7,1,77.4
1.5,80.1,4.0,81.0,0,63.6
3.3,58.2,8.1,95.2,1,73.4
4.3,61.7,9.0,49.5,0,70.5
0.9,51.2,4.9,96.5,0,58.1
2.2,91.7,5.0,34.4,1,61.3
6.0,98.7,8.7,72.2,1,93.0
7.4,56.8,7.7,34.0,1,72.3
10.0,61.6,4.3,92.6,1,93.2
9.3,93.4,7.7,67.1,0,88.9
6.4,96.3,5.9,76.9,0,85.5
4.2,71.0,6.2,88.2,1,70.5
6.4,52.5,8.6,40.5,1,74.3
7.9,52.0,8.9,32.7,0,69.4
1.2,78.7,6.4,91.5,0,65.9
4.1,69.6,9.7,52.0,0,72.3
8.4,51.4,6.4,39.0,0,71.0
3.8,79.2,8.6,62.8,1,70.8
5.7,50.6,6.9,71.9,1,71.3
5.9,89.4,9.4,32.2,1,78.1
1.8,65.3,9.4,49.2,0,51.3
3.6,52.0,4.5,32.3,0,45.5
3.3,79.4,9.6,59.4,1,73.6
0.3,69.9,9.0,92.7,1,67.0
0.2,98.7,8.7,98.8,1,72.8
8.3,77.2,5.2,74.6,0,89.7
2.7,63.8,8.8,41.3,1,60.5
5.2,85.5,9.1,93.4,0,87.7
3.0,63.6,5.7,66.1,1,64.9
9.4,95.2,9.7,40.8,1,93.4
2.6,68.7,4.3,94.5,1,70.5
4.3,77.5,4.9,83.0,0,71.3
8.7,52.5,7.2,81.2,0,79.0
8.4,71.3,7.5,79.6,0,90.3
1.9,91.6,7.9,44.0,0,69.9
8.0,90.3,4.1,44.8,0,82.4
4.6,61.2,9.8,78.2,0,77.8
4.8,61.3,4.3,45.4,1,59.5
1.3,90.9,4.9,60.7,0,55.0
0.8,96.5,4.1,84.7,1,75.4
7.3,54.8,7.4,84.9,0,87.7
5.0,72.5,9.6,61.7,1,84.2
4.4,66.9,8.0,85.5,1,76.2
7.3,93.5,8.9,88.7,0,91.7
7.7,54.2,4.1,75.8,1,72.1
1.6,60.6,7.3,46.0,0,44.9
6.1,87.6,6.8,49.2,0,76.5
1.4,52.6,7.0,52.0,0,55.6
7.5,74.6,4.4,38.2,0,70.5
6.6,72.1,8.1,49.1,1,79.4
9.6,66.7,7.0,44.7,0,86.5
0.7,69.7,8.6,61.9,1,59.1
0.6,76.5,6.9,93.6,1,76.2
2.8,58.1,4.9,37.3,1,60.3
